sku_id,period,week_start,forecast_step,forecast_units,forecast_lo80,forecast_hi80
NBL-1000,2026-07-07/2026-07-13,2026-07-13,1.0,438.1810278705051,402.28306042794367,474.0789953130665
NBL-1001,2026-07-07/2026-07-13,2026-07-13,1.0,262.2251978446331,238.0707739939783,286.3796216952879
NBL-1002,2026-07-07/2026-07-13,2026-07-13,1.0,775.0942170022033,742.6097257527333,807.5787082516733
NBL-1003,2026-07-07/2026-07-13,2026-07-13,1.0,235.25709759908455,209.42205624084121,261.0921389573279
NBL-1004,2026-07-07/2026-07-13,2026-07-13,1.0,442.11612400784134,405.0186451611683,479.21360285451436
NBL-1005,2026-07-07/2026-07-13,2026-07-13,1.0,17.299735272013592,9.71153098736848,24.887939556658704
NBL-1006,2026-07-07/2026-07-13,2026-07-13,1.0,291.71836807992383,265.1807527186196,318.25598344122807
NBL-1007,2026-07-07/2026-07-13,2026-07-13,1.0,350.14562832623807,317.8978341996552,382.3934224528209
NBL-1008,2026-07-07/2026-07-13,2026-07-13,1.0,143.5908007402807,126.09843097921616,161.08317050134528
NBL-1009,2026-07-07/2026-07-13,2026-07-13,1.0,125.46391253256469,104.7672364949116,146.16058857021778
NBL-1010,2026-07-07/2026-07-13,2026-07-13,1.0,296.8143473334316,265.35215424195616,328.27654042490707
NBL-1011,2026-07-07/2026-07-13,2026-07-13,1.0,221.34744234254825,202.60350969702608,240.0913749880704
NBL-1012,2026-07-07/2026-07-13,2026-07-13,1.0,127.2046447117462,111.99365687261898,142.4156325508734
NBL-1013,2026-07-07/2026-07-13,2026-07-13,1.0,41.686548351218114,33.626827664188454,49.746269038247775
NBL-1014,2026-07-07/2026-07-13,2026-07-13,1.0,183.72734123993536,159.48995654978563,207.96472593008508
NBL-1015,2026-07-07/2026-07-13,2026-07-13,1.0,107.23332841174752,93.42686002771842,121.03979679577662
NBL-1016,2026-07-07/2026-07-13,2026-07-13,1.0,74.76426141469754,61.66658661207159,87.86193621732349
NBL-1017,2026-07-07/2026-07-13,2026-07-13,1.0,117.79957511703566,101.55873527046211,134.0404149636092
NBL-1018,2026-07-07/2026-07-13,2026-07-13,1.0,368.68398244506596,336.47941191781103,400.8885529723209
NBL-1019,2026-07-07/2026-07-13,2026-07-13,1.0,70.9767987543707,55.98623195360146,85.96736555513995
NBL-1020,2026-07-07/2026-07-13,2026-07-13,1.0,553.6892451035626,523.6262395666967,583.7522506404285
NBL-1021,2026-07-07/2026-07-13,2026-07-13,1.0,580.5167881630787,549.4996027633683,611.533973562789
NBL-1022,2026-07-07/2026-07-13,2026-07-13,1.0,592.4354555398877,545.9670278086342,638.9038832711412
NBL-1023,2026-07-07/2026-07-13,2026-07-13,1.0,201.8886685226414,178.10757337959788,225.66976366568494
NBL-1024,2026-07-07/2026-07-13,2026-07-13,1.0,515.1275980293213,491.81852249827847,538.4366735603643
NBL-1025,2026-07-07/2026-07-13,2026-07-13,1.0,521.8412213162447,484.344926794344,559.3375158381455
NBL-1026,2026-07-07/2026-07-13,2026-07-13,1.0,231.4428287302381,208.53153174195165,254.35412571852453
NBL-1027,2026-07-07/2026-07-13,2026-07-13,1.0,81.77876541050577,68.87514339377626,94.68238742723528
NBL-1028,2026-07-07/2026-07-13,2026-07-13,1.0,153.34505665169957,134.84009890622212,171.850014397177
NBL-1029,2026-07-07/2026-07-13,2026-07-13,1.0,161.32015930026827,138.85003385283002,183.79028474770652
NBL-1030,2026-07-07/2026-07-13,2026-07-13,1.0,288.3815435970968,262.21569220300717,314.5473949911865
NBL-1031,2026-07-07/2026-07-13,2026-07-13,1.0,323.5761927538025,299.13368822585,348.018697281755
NBL-1032,2026-07-07/2026-07-13,2026-07-13,1.0,76.02054441932657,61.1394698529564,90.90161898569673
NBL-1033,2026-07-07/2026-07-13,2026-07-13,1.0,600.9349666751839,565.9997988060476,635.8701345443202
NBL-1034,2026-07-07/2026-07-13,2026-07-13,1.0,696.5324130451428,647.4298601486081,745.6349659416775
NBL-1035,2026-07-07/2026-07-13,2026-07-13,1.0,285.92065433895016,256.99937064934693,314.8419380285534
NBL-1036,2026-07-07/2026-07-13,2026-07-13,1.0,295.31310564112346,268.5188376092088,322.1073736730381
NBL-1037,2026-07-07/2026-07-13,2026-07-13,1.0,193.10295372404656,175.34036247914335,210.86554496894976
NBL-1038,2026-07-07/2026-07-13,2026-07-13,1.0,130.78223336492655,110.64144191074791,150.9230248191052
NBL-1039,2026-07-07/2026-07-13,2026-07-13,1.0,219.96183556318795,197.20098804002168,242.7226830863542
NBL-1040,2026-07-07/2026-07-13,2026-07-13,1.0,224.45102716026378,202.8641280630606,246.03792625746695
NBL-1041,2026-07-07/2026-07-13,2026-07-13,1.0,642.1958251116788,614.5480095421367,669.8436406812209
NBL-1042,2026-07-07/2026-07-13,2026-07-13,1.0,116.78049264779868,101.92679567494203,131.63418962065532
NBL-1043,2026-07-07/2026-07-13,2026-07-13,1.0,36.51206960501178,28.03269468532248,44.99144452470108
NBL-1044,2026-07-07/2026-07-13,2026-07-13,1.0,302.0,280.16278552656325,323.83721447343675
NBL-1045,2026-07-07/2026-07-13,2026-07-13,1.0,211.0,187.92551050614253,234.07448949385747
NBL-1046,2026-07-07/2026-07-13,2026-07-13,1.0,117.0,98.17849100534788,135.82150899465213
NBL-1047,2026-07-07/2026-07-13,2026-07-13,1.0,485.0,444.4250869807221,525.5749130192779
NBL-1048,2026-07-07/2026-07-13,2026-07-13,1.0,433.0,401.99727654771823,464.00272345228177
NBL-1049,2026-07-07/2026-07-13,2026-07-13,1.0,365.0,329.8864607896315,400.1135392103685
NBL-1050,2026-07-07/2026-07-13,2026-07-13,1.0,90.0,78.9527471833545,101.0472528166455
NBL-1051,2026-07-07/2026-07-13,2026-07-13,1.0,240.0,214.9557343754752,265.04426562452477
NBL-1052,2026-07-07/2026-07-13,2026-07-13,1.0,553.0,515.1863868036688,590.8136131963312
NBL-1053,2026-07-07/2026-07-13,2026-07-13,1.0,304.0,273.1923079824251,334.8076920175749
NBL-1054,2026-07-07/2026-07-13,2026-07-13,1.0,425.0,396.5364745529909,453.4635254470091
NBL-1055,2026-07-07/2026-07-13,2026-07-13,1.0,275.0,246.10116393058493,303.8988360694151
NBL-1056,2026-07-07/2026-07-13,2026-07-13,1.0,73.10822857850877,62.3851558461103,83.83130131090724
NBL-1057,2026-07-07/2026-07-13,2026-07-13,1.0,188.4892593131755,171.67885887799008,205.2996597483609
NBL-1058,2026-07-07/2026-07-13,2026-07-13,1.0,168.90788859875428,142.90259888363576,194.9131783138728
NBL-1059,2026-07-07/2026-07-13,2026-07-13,1.0,178.95723213340347,160.71930887534478,197.19515539146215
NBL-1060,2026-07-07/2026-07-13,2026-07-13,1.0,334.9740656262118,300.52648028601726,369.4216509664064
NBL-1061,2026-07-07/2026-07-13,2026-07-13,1.0,276.855195920272,253.35003898288508,300.360352857659
NBL-1062,2026-07-07/2026-07-13,2026-07-13,1.0,253.829038013731,231.85002632736115,275.80804970010087
NBL-1063,2026-07-07/2026-07-13,2026-07-13,1.0,545.7650792300456,514.1232556981082,577.4069027619829
NBL-1064,2026-07-07/2026-07-13,2026-07-13,1.0,31.93130695313074,23.94293556100814,39.91967834525334
NBL-1065,2026-07-07/2026-07-13,2026-07-13,1.0,88.05936404911017,74.66854047414122,101.45018762407912
NBL-1066,2026-07-07/2026-07-13,2026-07-13,1.0,256.48980670818224,229.3836505054348,283.5959629109297
NBL-1067,2026-07-07/2026-07-13,2026-07-13,1.0,6.077832382880427,3.8248222128709988,8.330842552889855
NBL-1068,2026-07-07/2026-07-13,2026-07-13,1.0,54.977129095405346,41.25406531386441,68.70019287694629
NBL-1069,2026-07-07/2026-07-13,2026-07-13,1.0,299.3235196961333,269.538416549984,329.1086228422826
NBL-1070,2026-07-07/2026-07-13,2026-07-13,1.0,185.9722563931527,164.6923393683153,207.2521734179901
NBL-1071,2026-07-07/2026-07-13,2026-07-13,1.0,158.79802600504297,139.59632973815548,177.99972227193047
NBL-1072,2026-07-07/2026-07-13,2026-07-13,1.0,42.813694505876676,35.0110429133372,50.61634609841615
NBL-1073,2026-07-07/2026-07-13,2026-07-13,1.0,261.66298487521266,230.29386032040162,293.0321094300237
NBL-1074,2026-07-07/2026-07-13,2026-07-13,1.0,64.91645191166144,54.48390126963888,75.349002553684
NBL-1075,2026-07-07/2026-07-13,2026-07-13,1.0,277.8201774996276,250.42931839942744,305.2110365998278
NBL-1076,2026-07-07/2026-07-13,2026-07-13,1.0,82.34418364123131,65.98238116736468,98.70598611509794
NBL-1077,2026-07-07/2026-07-13,2026-07-13,1.0,428.3803161831152,396.6853949356986,460.07523743053184
NBL-1078,2026-07-07/2026-07-13,2026-07-13,1.0,18.42357840824085,12.505243906146829,24.34191291033487
NBL-1079,2026-07-07/2026-07-13,2026-07-13,1.0,278.0071035984608,249.21270852022946,306.8014986766921
NBL-1080,2026-07-07/2026-07-13,2026-07-13,1.0,34.342675644963926,27.126308427024412,41.55904286290344
NBL-1081,2026-07-07/2026-07-13,2026-07-13,1.0,42.02255745507626,34.49021152266097,49.55490338749155
NBL-1082,2026-07-07/2026-07-13,2026-07-13,1.0,263.75783253505125,234.25817829681495,293.25748677328755
NBL-1083,2026-07-07/2026-07-13,2026-07-13,1.0,535.5021042875181,495.6906202478479,575.3135883271883
NBL-1084,2026-07-07/2026-07-13,2026-07-13,1.0,75.65251878284866,62.434020590696704,88.87101697500061
NBL-1085,2026-07-07/2026-07-13,2026-07-13,1.0,88.0260989551538,72.85481106924941,103.19738684105819
NBL-1086,2026-07-07/2026-07-13,2026-07-13,1.0,332.96455746111826,295.1734629792489,370.75565194298764
NBL-1087,2026-07-07/2026-07-13,2026-07-13,1.0,760.4995934202645,724.0705870905178,796.9285997500112
NBL-1088,2026-07-07/2026-07-13,2026-07-13,1.0,51.59195816786059,41.02910832684167,62.154808008879506
NBL-1089,2026-07-07/2026-07-13,2026-07-13,1.0,127.04307606913247,107.03864561231123,147.0475065259537
NBL-1090,2026-07-07/2026-07-13,2026-07-13,1.0,49.380263450657104,37.808102359782715,60.95242454153149
NBL-1091,2026-07-07/2026-07-13,2026-07-13,1.0,231.25770335717561,211.2836994711401,251.23170724321113
NBL-1092,2026-07-07/2026-07-13,2026-07-13,1.0,82.41037122396537,68.49670303737471,96.32403941055603
NBL-1093,2026-07-07/2026-07-13,2026-07-13,1.0,284.2704866430494,253.8738818176222,314.66709146847666
NBL-1094,2026-07-07/2026-07-13,2026-07-13,1.0,45.26316406299558,35.28777440085436,55.238553725136796
NBL-1095,2026-07-07/2026-07-13,2026-07-13,1.0,670.8936326645548,631.3840495472399,710.4032157818698
NBL-1096,2026-07-07/2026-07-13,2026-07-13,1.0,528.1554279797684,493.35031453419776,562.9605414253391
NBL-1097,2026-07-07/2026-07-13,2026-07-13,1.0,563.797443293558,536.4511126869843,591.1437739001317
NBL-1098,2026-07-07/2026-07-13,2026-07-13,1.0,192.1218685211252,174.24411407043013,209.9996229718203
NBL-1099,2026-07-07/2026-07-13,2026-07-13,1.0,38.6462953907646,28.455801484877057,48.83678929665214
NBL-1100,2026-07-07/2026-07-13,2026-07-13,1.0,177.9711477504258,159.77556211630264,196.166733384549
NBL-1101,2026-07-07/2026-07-13,2026-07-13,1.0,167.7033595237979,151.02406342153432,184.38265562606148
NBL-1102,2026-07-07/2026-07-13,2026-07-13,1.0,758.7927868869823,723.1168815627416,794.468692211223
NBL-1103,2026-07-07/2026-07-13,2026-07-13,1.0,148.63683957423507,129.30589998120703,167.9677791672631
NBL-1104,2026-07-07/2026-07-13,2026-07-13,1.0,55.81222720408054,45.10770566096688,66.5167487471942
NBL-1105,2026-07-07/2026-07-13,2026-07-13,1.0,345.5248955114554,316.8404892638423,374.20930175906847
NBL-1106,2026-07-07/2026-07-13,2026-07-13,1.0,102.79649373921269,86.35576128292757,119.23722619549781
NBL-1107,2026-07-07/2026-07-13,2026-07-13,1.0,66.03911190546879,58.87675899961003,73.20146481132754
NBL-1108,2026-07-07/2026-07-13,2026-07-13,1.0,276.0015346109521,247.35127405118402,304.65179517072016
NBL-1109,2026-07-07/2026-07-13,2026-07-13,1.0,163.2302296746076,141.8533623290491,184.60709702016612
NBL-1110,2026-07-07/2026-07-13,2026-07-13,1.0,750.649770474703,712.9280293231196,788.3715116262864
NBL-1111,2026-07-07/2026-07-13,2026-07-13,1.0,302.47667142945494,266.1908819332433,338.7624609256666
NBL-1112,2026-07-07/2026-07-13,2026-07-13,1.0,414.956554155576,380.8589844430968,449.05412386805517
NBL-1113,2026-07-07/2026-07-13,2026-07-13,1.0,423.0730675006143,386.005883610263,460.14025139096555
NBL-1114,2026-07-07/2026-07-13,2026-07-13,1.0,300.01446573870965,272.35636959188145,327.67256188553785
NBL-1115,2026-07-07/2026-07-13,2026-07-13,1.0,624.8561182503325,591.6346353808353,658.0776011198298
NBL-1116,2026-07-07/2026-07-13,2026-07-13,1.0,588.613522955023,561.2370690772715,615.9899768327745
NBL-1117,2026-07-07/2026-07-13,2026-07-13,1.0,708.3776493908719,673.5909266694267,743.164372112317
NBL-1118,2026-07-07/2026-07-13,2026-07-13,1.0,583.9925690637023,550.8218412684744,617.1632968589302
NBL-1119,2026-07-07/2026-07-13,2026-07-13,1.0,482.24188508240775,451.76686365490457,512.7169065099109
NBL-1120,2026-07-07/2026-07-13,2026-07-13,1.0,678.2081725455812,639.3521964600719,717.0641486310905
NBL-1121,2026-07-07/2026-07-13,2026-07-13,1.0,253.03307168346262,229.40505308690933,276.6610902800159
NBL-1122,2026-07-07/2026-07-13,2026-07-13,1.0,310.1954431014593,276.5870387234635,343.80384747945516
NBL-1123,2026-07-07/2026-07-13,2026-07-13,1.0,154.59438113900197,135.92069763916464,173.2680646388393
NBL-1124,2026-07-07/2026-07-13,2026-07-13,1.0,305.66659319205564,282.1239846610531,329.2092017230582
NBL-1125,2026-07-07/2026-07-13,2026-07-13,1.0,334.035098880998,303.53956501341906,364.530632748577
NBL-1126,2026-07-07/2026-07-13,2026-07-13,1.0,236.95306405704756,213.41342369901685,260.49270441507826
NBL-1127,2026-07-07/2026-07-13,2026-07-13,1.0,228.15146731362975,204.46403089455757,251.83890373270194
NBL-1128,2026-07-07/2026-07-13,2026-07-13,1.0,780.8186217723544,748.6113794998884,813.0258640448204
NBL-1129,2026-07-07/2026-07-13,2026-07-13,1.0,8.212129526628567,5.660708678858898,10.763550374398237
NBL-1130,2026-07-07/2026-07-13,2026-07-13,1.0,79.168477796929,63.27571498824703,95.06124060561096
NBL-1131,2026-07-07/2026-07-13,2026-07-13,1.0,36.01134740757015,24.147831494623404,47.874863320516894
NBL-1132,2026-07-07/2026-07-13,2026-07-13,1.0,73.0363798181516,60.99408235166139,85.07867728464181
NBL-1133,2026-07-07/2026-07-13,2026-07-13,1.0,595.2152409285386,561.5688623070904,628.8616195499868
NBL-1134,2026-07-07/2026-07-13,2026-07-13,1.0,214.86527637371938,191.08747624913008,238.6430764983087
NBL-1135,2026-07-07/2026-07-13,2026-07-13,1.0,269.7818808250388,243.5793740389686,295.98438761110896
NBL-1136,2026-07-07/2026-07-13,2026-07-13,1.0,287.0050566205229,256.29760208296375,317.71251115808207
NBL-1137,2026-07-07/2026-07-13,2026-07-13,1.0,227.02477850170743,202.70228432901536,251.3472726743995
NBL-1138,2026-07-07/2026-07-13,2026-07-13,1.0,202.70067681654794,181.12048387188065,224.28086976121523
NBL-1139,2026-07-07/2026-07-13,2026-07-13,1.0,614.3967614806492,578.450999384184,650.3425235771143
NBL-1140,2026-07-07/2026-07-13,2026-07-13,1.0,208.80159698558808,179.02141606903243,238.58177790214373
NBL-1141,2026-07-07/2026-07-13,2026-07-13,1.0,670.0628406592349,631.242713463926,708.8829678545438
NBL-1142,2026-07-07/2026-07-13,2026-07-13,1.0,21.58101560107985,15.47829845885851,27.683732743301192
NBL-1143,2026-07-07/2026-07-13,2026-07-13,1.0,141.29620684233097,127.01949720191263,155.57291648274932
NBL-1144,2026-07-07/2026-07-13,2026-07-13,1.0,70.20989819886766,57.127404699071,83.29239169866432
NBL-1145,2026-07-07/2026-07-13,2026-07-13,1.0,437.958397865072,408.79164714949826,467.12514858064577
NBL-1146,2026-07-07/2026-07-13,2026-07-13,1.0,128.68661092198994,106.94485636596184,150.42836547801804
NBL-1147,2026-07-07/2026-07-13,2026-07-13,1.0,255.38170545275364,226.5466067806695,284.2168041248378
NBL-1148,2026-07-07/2026-07-13,2026-07-13,1.0,201.1240799615039,180.24064571369505,222.00751420931275
NBL-1149,2026-07-07/2026-07-13,2026-07-13,1.0,562.0124971508905,530.9446148871783,593.0803794146026
NBL-1000,2026-07-14/2026-07-20,2026-07-20,2.0,445.9985544973418,410.10058705478036,481.8965219399032
NBL-1001,2026-07-14/2026-07-20,2026-07-20,2.0,265.74792460162644,241.59350075097163,289.9023484522812
NBL-1002,2026-07-14/2026-07-20,2026-07-20,2.0,746.4999532448028,714.0154619953328,778.9844444942728
NBL-1003,2026-07-14/2026-07-20,2026-07-20,2.0,235.55118001915312,209.7161386609098,261.38622137739645
NBL-1004,2026-07-14/2026-07-20,2026-07-20,2.0,452.60961956443896,415.51214071776593,489.707098411112
NBL-1005,2026-07-14/2026-07-20,2026-07-20,2.0,15.373238535810692,7.785034251165581,22.961442820455805
NBL-1006,2026-07-14/2026-07-20,2026-07-20,2.0,285.1383750753961,258.60075971409185,311.6759904367003
NBL-1007,2026-07-14/2026-07-20,2026-07-20,2.0,386.68548635614883,354.437692229566,418.9332804827317
NBL-1008,2026-07-14/2026-07-20,2026-07-20,2.0,148.7137207644953,131.22135100343073,166.20609052555986
NBL-1009,2026-07-14/2026-07-20,2026-07-20,2.0,126.29001611630808,105.59334007865499,146.98669215396117
NBL-1010,2026-07-14/2026-07-20,2026-07-20,2.0,308.3352186148967,276.87302552342123,339.79741170637215
NBL-1011,2026-07-14/2026-07-20,2026-07-20,2.0,230.09639613991786,211.3524634943957,248.84032878544002
NBL-1012,2026-07-14/2026-07-20,2026-07-20,2.0,130.74105199731616,115.53006415818895,145.95203983644336
NBL-1013,2026-07-14/2026-07-20,2026-07-20,2.0,42.88102856011284,34.82130787308317,50.940749247142506
NBL-1014,2026-07-14/2026-07-20,2026-07-20,2.0,181.2057213140188,156.96833662386908,205.44310600416853
NBL-1015,2026-07-14/2026-07-20,2026-07-20,2.0,101.85679130639164,88.05032292236254,115.66325969042074
NBL-1016,2026-07-14/2026-07-20,2026-07-20,2.0,81.12892797921361,68.03125317658765,94.22660278183957
NBL-1017,2026-07-14/2026-07-20,2026-07-20,2.0,114.82474656202504,98.58390671545149,131.0655864085986
NBL-1018,2026-07-14/2026-07-20,2026-07-20,2.0,372.3895236547378,340.1849531274828,404.5940941819928
NBL-1019,2026-07-14/2026-07-20,2026-07-20,2.0,69.53443030514897,54.54386350437973,84.52499710591822
NBL-1020,2026-07-14/2026-07-20,2026-07-20,2.0,517.9607167554128,487.8977112185469,548.0237222922788
NBL-1021,2026-07-14/2026-07-20,2026-07-20,2.0,586.7269813092897,555.7097959095794,617.7441667090001
NBL-1022,2026-07-14/2026-07-20,2026-07-20,2.0,641.5457832687698,595.0773555375163,688.0142110000234
NBL-1023,2026-07-14/2026-07-20,2026-07-20,2.0,215.25678477032668,191.47568962728315,239.0378799133702
NBL-1024,2026-07-14/2026-07-20,2026-07-20,2.0,487.18561592599156,463.8765403949487,510.49469145703443
NBL-1025,2026-07-14/2026-07-20,2026-07-20,2.0,541.509967138169,504.0136726162683,579.0062616600698
NBL-1026,2026-07-14/2026-07-20,2026-07-20,2.0,223.20849304635098,200.29719605806457,246.1197900346374
NBL-1027,2026-07-14/2026-07-20,2026-07-20,2.0,80.93572052949165,68.03209851276213,93.83934254622116
NBL-1028,2026-07-14/2026-07-20,2026-07-20,2.0,148.97776924887583,130.4728115033984,167.48272699435327
NBL-1029,2026-07-14/2026-07-20,2026-07-20,2.0,166.84001525693205,144.3698898094938,189.3101407043703
NBL-1030,2026-07-14/2026-07-20,2026-07-20,2.0,300.5340275194087,274.36817612531905,326.69987891349837
NBL-1031,2026-07-14/2026-07-20,2026-07-20,2.0,339.4002727620168,314.9577682340643,363.8427772899693
NBL-1032,2026-07-14/2026-07-20,2026-07-20,2.0,77.18367837142517,62.30260380505501,92.06475293779533
NBL-1033,2026-07-14/2026-07-20,2026-07-20,2.0,587.0821733153364,552.1470054462001,622.0173411844727
NBL-1034,2026-07-14/2026-07-20,2026-07-20,2.0,642.47688106595,593.3743281694153,691.5794339624847
NBL-1035,2026-07-14/2026-07-20,2026-07-20,2.0,281.5933658559317,252.67208216632852,310.5146495455349
NBL-1036,2026-07-14/2026-07-20,2026-07-20,2.0,293.2225425866369,266.42827455472224,320.0168106185516
NBL-1037,2026-07-14/2026-07-20,2026-07-20,2.0,186.4867595205481,168.7241682756449,204.2493507654513
NBL-1038,2026-07-14/2026-07-20,2026-07-20,2.0,129.5035315354682,109.36274008128956,149.64432298964684
NBL-1039,2026-07-14/2026-07-20,2026-07-20,2.0,225.0485894956502,202.28774197248396,247.80943701881642
NBL-1040,2026-07-14/2026-07-20,2026-07-20,2.0,236.6544388626755,215.0675397654723,258.2413379598787
NBL-1041,2026-07-14/2026-07-20,2026-07-20,2.0,635.669152663014,608.0213370934719,663.3169682325561
NBL-1042,2026-07-14/2026-07-20,2026-07-20,2.0,120.4973502815138,105.64365330865715,135.35104725437046
NBL-1043,2026-07-14/2026-07-20,2026-07-20,2.0,64.0,55.520625080310694,72.4793749196893
NBL-1044,2026-07-14/2026-07-20,2026-07-20,2.0,287.0,265.16278552656325,308.83721447343675
NBL-1045,2026-07-14/2026-07-20,2026-07-20,2.0,190.0,166.92551050614253,213.07448949385747
NBL-1046,2026-07-14/2026-07-20,2026-07-20,2.0,139.0,120.17849100534788,157.82150899465213
NBL-1047,2026-07-14/2026-07-20,2026-07-20,2.0,523.0,482.4250869807221,563.5749130192779
NBL-1048,2026-07-14/2026-07-20,2026-07-20,2.0,437.0,405.99727654771823,468.00272345228177
NBL-1049,2026-07-14/2026-07-20,2026-07-20,2.0,303.0,267.8864607896315,338.1135392103685
NBL-1050,2026-07-14/2026-07-20,2026-07-20,2.0,112.0,100.9527471833545,123.0472528166455
NBL-1051,2026-07-14/2026-07-20,2026-07-20,2.0,210.0,184.9557343754752,235.0442656245248
NBL-1052,2026-07-14/2026-07-20,2026-07-20,2.0,557.0,519.1863868036688,594.8136131963312
NBL-1053,2026-07-14/2026-07-20,2026-07-20,2.0,312.0,281.1923079824251,342.8076920175749
NBL-1054,2026-07-14/2026-07-20,2026-07-20,2.0,401.0,372.5364745529909,429.4635254470091
NBL-1055,2026-07-14/2026-07-20,2026-07-20,2.0,273.95975250352154,245.06091643410647,302.8585885729366
NBL-1056,2026-07-14/2026-07-20,2026-07-20,2.0,75.36910124008683,64.64602850768837,86.0921739724853
NBL-1057,2026-07-14/2026-07-20,2026-07-20,2.0,185.42815474202425,168.61775430683883,202.23855517720966
NBL-1058,2026-07-14/2026-07-20,2026-07-20,2.0,175.277256104634,149.27196638951548,201.28254581975253
NBL-1059,2026-07-14/2026-07-20,2026-07-20,2.0,187.08600994098867,168.84808668293,205.32393319904736
NBL-1060,2026-07-14/2026-07-20,2026-07-20,2.0,341.87324186126693,307.42565652107237,376.3208272014615
NBL-1061,2026-07-14/2026-07-20,2026-07-20,2.0,296.53004889338604,273.02489195599907,320.035205830773
NBL-1062,2026-07-14/2026-07-20,2026-07-20,2.0,261.78978235914286,239.810770672773,283.7687940455127
NBL-1063,2026-07-14/2026-07-20,2026-07-20,2.0,537.9461674953811,506.3043439634437,569.5879910273185
NBL-1064,2026-07-14/2026-07-20,2026-07-20,2.0,30.366100409526663,22.377729017404064,38.35447180164926
NBL-1065,2026-07-14/2026-07-20,2026-07-20,2.0,92.04569430365507,78.65487072868612,105.43651787862402
NBL-1066,2026-07-14/2026-07-20,2026-07-20,2.0,263.9345112860997,236.82835508335222,291.04066748884713
NBL-1067,2026-07-14/2026-07-20,2026-07-20,2.0,8.704962400989256,6.451952230979828,10.957972570998685
NBL-1068,2026-07-14/2026-07-20,2026-07-20,2.0,56.52977381527474,42.8067100337338,70.25283759681568
NBL-1069,2026-07-14/2026-07-20,2026-07-20,2.0,286.2518239787259,256.4667208325766,316.0369271248752
NBL-1070,2026-07-14/2026-07-20,2026-07-20,2.0,184.35543018684723,163.07551316200983,205.63534721168463
NBL-1071,2026-07-14/2026-07-20,2026-07-20,2.0,159.12185862217402,139.92016235528652,178.3235548890615
NBL-1072,2026-07-14/2026-07-20,2026-07-20,2.0,40.44775906763182,32.645107475092345,48.2504106601713
NBL-1073,2026-07-14/2026-07-20,2026-07-20,2.0,274.1728829892533,242.80375843444227,305.54200754406435
NBL-1074,2026-07-14/2026-07-20,2026-07-20,2.0,60.418956835392684,49.98640619337013,70.85150747741524
NBL-1075,2026-07-14/2026-07-20,2026-07-20,2.0,270.9156534967279,243.5247943965277,298.3065125969281
NBL-1076,2026-07-14/2026-07-20,2026-07-20,2.0,77.1530463338631,60.79124385999647,93.51484880772973
NBL-1077,2026-07-14/2026-07-20,2026-07-20,2.0,434.46110357953876,402.7661823321222,466.15602482695533
NBL-1078,2026-07-14/2026-07-20,2026-07-20,2.0,14.542997764829089,8.624663262735067,20.461332266923108
NBL-1079,2026-07-14/2026-07-20,2026-07-20,2.0,284.8483234964445,256.05392841821316,313.6427185746758
NBL-1080,2026-07-14/2026-07-20,2026-07-20,2.0,30.854310181083285,23.63794296314377,38.0706773990228
NBL-1081,2026-07-14/2026-07-20,2026-07-20,2.0,40.04295028061964,32.51060434820435,47.57529621303493
NBL-1082,2026-07-14/2026-07-20,2026-07-20,2.0,276.65117068313,247.15151644489367,306.1508249213663
NBL-1083,2026-07-14/2026-07-20,2026-07-20,2.0,531.6974753121763,491.88599127250603,571.5089593518464
NBL-1084,2026-07-14/2026-07-20,2026-07-20,2.0,79.14351823540814,65.92502004325618,92.36201642756009
NBL-1085,2026-07-14/2026-07-20,2026-07-20,2.0,78.424437684906,63.25314979900161,93.59572557081039
NBL-1086,2026-07-14/2026-07-20,2026-07-20,2.0,350.93524930266256,313.1441548207932,388.72634378453193
NBL-1087,2026-07-14/2026-07-20,2026-07-20,2.0,746.2660698512427,709.837063521496,782.6950761809894
NBL-1088,2026-07-14/2026-07-20,2026-07-20,2.0,48.74548975498725,38.18263991396833,59.308339596006164
NBL-1089,2026-07-14/2026-07-20,2026-07-20,2.0,128.23168193802212,108.22725148120088,148.23611239484336
NBL-1090,2026-07-14/2026-07-20,2026-07-20,2.0,48.01869082597425,36.44652973509986,59.590851916848635
NBL-1091,2026-07-14/2026-07-20,2026-07-20,2.0,232.98126249194127,213.00725860590575,252.95526637797678
NBL-1092,2026-07-14/2026-07-20,2026-07-20,2.0,83.07081453662046,69.1571463500298,96.98448272321112
NBL-1093,2026-07-14/2026-07-20,2026-07-20,2.0,292.1400575750638,261.74345274963656,322.536662400491
NBL-1094,2026-07-14/2026-07-20,2026-07-20,2.0,42.89536705982034,32.91997739767912,52.870756721961556
NBL-1095,2026-07-14/2026-07-20,2026-07-20,2.0,556.6574892012145,517.1479060838996,596.1670723185294
NBL-1096,2026-07-14/2026-07-20,2026-07-20,2.0,519.1157447890737,484.310631343503,553.9208582346444
NBL-1097,2026-07-14/2026-07-20,2026-07-20,2.0,606.8816271175405,579.5352965109668,634.2279577241142
NBL-1098,2026-07-14/2026-07-20,2026-07-20,2.0,209.4344861121575,191.5567316614624,227.31224056285257
NBL-1099,2026-07-14/2026-07-20,2026-07-20,2.0,35.15776384247306,24.967269936585517,45.3482577483606
NBL-1100,2026-07-14/2026-07-20,2026-07-20,2.0,181.05791764640105,162.86233201227788,199.25350328052423
NBL-1101,2026-07-14/2026-07-20,2026-07-20,2.0,168.44858030360706,151.76928420134348,185.12787640587064
NBL-1102,2026-07-14/2026-07-20,2026-07-20,2.0,718.8140158651461,683.1381105409054,754.4899211893868
NBL-1103,2026-07-14/2026-07-20,2026-07-20,2.0,147.76141740121375,128.4304778081857,167.09235699424178
NBL-1104,2026-07-14/2026-07-20,2026-07-20,2.0,52.37514866737591,41.670627124262246,63.079670210489574
NBL-1105,2026-07-14/2026-07-20,2026-07-20,2.0,378.3786396755546,349.6942334279415,407.0630459231677
NBL-1106,2026-07-14/2026-07-20,2026-07-20,2.0,103.43956634588316,86.99883388959805,119.88029880216828
NBL-1107,2026-07-14/2026-07-20,2026-07-20,2.0,66.8899007213007,59.72754781544195,74.05225362715946
NBL-1108,2026-07-14/2026-07-20,2026-07-20,2.0,276.6738521311549,248.02359157138682,305.32411269092296
NBL-1109,2026-07-14/2026-07-20,2026-07-20,2.0,172.24756922917496,150.87070188361645,193.62443657473347
NBL-1110,2026-07-14/2026-07-20,2026-07-20,2.0,755.5881218199323,717.8663806683489,793.3098629715157
NBL-1111,2026-07-14/2026-07-20,2026-07-20,2.0,284.0178114140553,247.73202191784364,320.30360091026694
NBL-1112,2026-07-14/2026-07-20,2026-07-20,2.0,409.16601046564017,375.068440753161,443.26358017811935
NBL-1113,2026-07-14/2026-07-20,2026-07-20,2.0,411.83614224688193,374.7689583565307,448.9033261372332
NBL-1114,2026-07-14/2026-07-20,2026-07-20,2.0,298.45713321493315,270.79903706810495,326.11522936176135
NBL-1115,2026-07-14/2026-07-20,2026-07-20,2.0,613.0734074783749,579.8519246088777,646.2948903478721
NBL-1116,2026-07-14/2026-07-20,2026-07-20,2.0,635.8700470715273,608.4935931937758,663.2465009492788
NBL-1117,2026-07-14/2026-07-20,2026-07-20,2.0,687.8026197309872,653.0158970095421,722.5893424524323
NBL-1118,2026-07-14/2026-07-20,2026-07-20,2.0,584.5294174663393,551.3586896711114,617.7001452615672
NBL-1119,2026-07-14/2026-07-20,2026-07-20,2.0,534.2988176207003,503.82379619319715,564.7738390482035
NBL-1120,2026-07-14/2026-07-20,2026-07-20,2.0,654.1028255201189,615.2468494346097,692.9588016056282
NBL-1121,2026-07-14/2026-07-20,2026-07-20,2.0,253.66870394330786,230.04068534675457,277.29672253986115
NBL-1122,2026-07-14/2026-07-20,2026-07-20,2.0,290.0713858922482,256.4629815142524,323.679790270244
NBL-1123,2026-07-14/2026-07-20,2026-07-20,2.0,162.90959919775142,144.2359156979141,181.58328269758874
NBL-1124,2026-07-14/2026-07-20,2026-07-20,2.0,290.0426773469038,266.5000688159013,313.58528587790636
NBL-1125,2026-07-14/2026-07-20,2026-07-20,2.0,319.7813312074228,289.28579733984384,350.27686507500175
NBL-1126,2026-07-14/2026-07-20,2026-07-20,2.0,237.3274963006681,213.78785594263738,260.86713665869877
NBL-1127,2026-07-14/2026-07-20,2026-07-20,2.0,235.16034185522014,211.47290543614795,258.8477782742923
NBL-1128,2026-07-14/2026-07-20,2026-07-20,2.0,779.1269839541485,746.9197416816825,811.3342262266145
NBL-1129,2026-07-14/2026-07-20,2026-07-20,2.0,8.006092579745484,5.4546717319758145,10.557513427515154
NBL-1130,2026-07-14/2026-07-20,2026-07-20,2.0,78.27820533471484,62.385442526032875,94.1709681433968
NBL-1131,2026-07-14/2026-07-20,2026-07-20,2.0,35.95924498404078,24.095729071094034,47.822760896987525
NBL-1132,2026-07-14/2026-07-20,2026-07-20,2.0,74.12201934801516,62.07972188152495,86.16431681450537
NBL-1133,2026-07-14/2026-07-20,2026-07-20,2.0,611.4043403538919,577.7579617324437,645.0507189753401
NBL-1134,2026-07-14/2026-07-20,2026-07-20,2.0,226.36146268297077,202.58366255838146,250.13926280756007
NBL-1135,2026-07-14/2026-07-20,2026-07-20,2.0,264.5422839898305,238.3397772037603,290.74479077590064
NBL-1136,2026-07-14/2026-07-20,2026-07-20,2.0,281.34580855210015,250.63835401454097,312.0532630896593
NBL-1137,2026-07-14/2026-07-20,2026-07-20,2.0,220.1619029825252,195.83940880983312,244.48439715521727
NBL-1138,2026-07-14/2026-07-20,2026-07-20,2.0,210.57521816847265,188.99502522380536,232.15541111313993
NBL-1139,2026-07-14/2026-07-20,2026-07-20,2.0,558.8155213593332,522.869759262868,594.7612834557983
NBL-1140,2026-07-14/2026-07-20,2026-07-20,2.0,227.3737436469455,197.59356273038986,257.15392456350116
NBL-1141,2026-07-14/2026-07-20,2026-07-20,2.0,676.738343130839,637.91821593553,715.5584703261479
NBL-1142,2026-07-14/2026-07-20,2026-07-20,2.0,21.38820660608878,15.285489463867439,27.49092374831012
NBL-1143,2026-07-14/2026-07-20,2026-07-20,2.0,134.23336335822768,119.95665371780933,148.51007299864602
NBL-1144,2026-07-14/2026-07-20,2026-07-20,2.0,69.84179401227831,56.75930051248165,82.92428751207498
NBL-1145,2026-07-14/2026-07-20,2026-07-20,2.0,424.35335987055527,395.1866091549815,453.520110586129
NBL-1146,2026-07-14/2026-07-20,2026-07-20,2.0,124.12932287297282,102.38756831694474,145.8710774290009
NBL-1147,2026-07-14/2026-07-20,2026-07-20,2.0,259.6885251147459,230.85342644266177,288.52362378683006
NBL-1148,2026-07-14/2026-07-20,2026-07-20,2.0,203.01524202851735,182.1318077807085,223.8986762763262
NBL-1149,2026-07-14/2026-07-20,2026-07-20,2.0,620.2525613363729,589.1846790726607,651.320443600085
NBL-1000,2026-07-21/2026-07-27,2026-07-27,3.0,433.3645893359696,397.46662189340816,469.262556778531
NBL-1001,2026-07-21/2026-07-27,2026-07-27,3.0,253.18760691278493,229.03318306213012,277.3420307634397
NBL-1002,2026-07-21/2026-07-27,2026-07-27,3.0,737.4912820363446,705.0067907868746,769.9757732858146
NBL-1003,2026-07-21/2026-07-27,2026-07-27,3.0,231.70612675819348,205.87108539995015,257.54116811643684
NBL-1004,2026-07-21/2026-07-27,2026-07-27,3.0,426.0791514550566,388.9816726083836,463.17663030172963
NBL-1005,2026-07-21/2026-07-27,2026-07-27,3.0,16.37168749742528,8.783483212780169,23.959891782070393
NBL-1006,2026-07-21/2026-07-27,2026-07-27,3.0,284.109974845408,257.57235948410374,310.6475902067122
NBL-1007,2026-07-21/2026-07-27,2026-07-27,3.0,358.38356749433984,326.135773367757,390.6313616209227
NBL-1008,2026-07-21/2026-07-27,2026-07-27,3.0,147.34060046508728,129.8482307040227,164.83297022615184
NBL-1009,2026-07-21/2026-07-27,2026-07-27,3.0,128.28720606030552,107.59053002265243,148.9838820979586
NBL-1010,2026-07-21/2026-07-27,2026-07-27,3.0,302.3286186043778,270.86642551290237,333.7908116958533
NBL-1011,2026-07-21/2026-07-27,2026-07-27,3.0,220.65073472368093,201.90680207815876,239.3946673692031
NBL-1012,2026-07-21/2026-07-27,2026-07-27,3.0,133.6852850022103,118.47429716308308,148.8962728413375
NBL-1013,2026-07-21/2026-07-27,2026-07-27,3.0,36.2900987924179,28.230378105388237,44.34981947944756
NBL-1014,2026-07-21/2026-07-27,2026-07-27,3.0,181.30182681208,157.06444212193028,205.53921150222973
NBL-1015,2026-07-21/2026-07-27,2026-07-27,3.0,102.53203641245392,88.72556802842482,116.33850479648302
NBL-1016,2026-07-21/2026-07-27,2026-07-27,3.0,72.49087813656475,59.39320333393879,85.58855293919069
NBL-1017,2026-07-21/2026-07-27,2026-07-27,3.0,119.54724115290828,103.30640130633473,135.78808099948185
NBL-1018,2026-07-21/2026-07-27,2026-07-27,3.0,358.316514949219,326.11194442196404,390.521085476474
NBL-1019,2026-07-21/2026-07-27,2026-07-27,3.0,69.00935726527204,54.0187904645028,83.99992406604129
NBL-1020,2026-07-21/2026-07-27,2026-07-27,3.0,531.4214723770029,501.358466840137,561.4844779138689
NBL-1021,2026-07-21/2026-07-27,2026-07-27,3.0,576.331586830979,545.3144014312686,607.3487722306893
NBL-1022,2026-07-21/2026-07-27,2026-07-27,3.0,598.978793157163,552.5103654259094,645.4472208884165
NBL-1023,2026-07-21/2026-07-27,2026-07-27,3.0,222.32797037410077,198.54687523105724,246.1090655171443
NBL-1024,2026-07-21/2026-07-27,2026-07-27,3.0,491.8542693277568,468.54519379671393,515.1633448587997
NBL-1025,2026-07-21/2026-07-27,2026-07-27,3.0,550.3538765312401,512.8575820093394,587.8501710531408
NBL-1026,2026-07-21/2026-07-27,2026-07-27,3.0,239.29412970553955,216.3828327172531,262.205426693826
NBL-1027,2026-07-21/2026-07-27,2026-07-27,3.0,78.52760391947697,65.62398190274746,91.43122593620649
NBL-1028,2026-07-21/2026-07-27,2026-07-27,3.0,140.17497835305244,121.67002060757501,158.67993609852988
NBL-1029,2026-07-21/2026-07-27,2026-07-27,3.0,170.98482424762645,148.5146988001882,193.4549496950647
NBL-1030,2026-07-21/2026-07-27,2026-07-27,3.0,293.31973953141,267.15388813732034,319.48559092549965
NBL-1031,2026-07-21/2026-07-27,2026-07-27,3.0,330.020079418888,305.57757489093547,354.4625839468405
NBL-1032,2026-07-21/2026-07-27,2026-07-27,3.0,76.73904143733158,61.85796687096141,91.62011600370174
NBL-1033,2026-07-21/2026-07-27,2026-07-27,3.0,627.6037371179997,592.6685692488634,662.538904987136
NBL-1034,2026-07-21/2026-07-27,2026-07-27,3.0,620.0998434812018,570.9972905846671,669.2023963777365
NBL-1035,2026-07-21/2026-07-27,2026-07-27,3.0,280.69813446484716,251.77685077524396,309.6194181544504
NBL-1036,2026-07-21/2026-07-27,2026-07-27,3.0,294.00257751283783,267.20830948092316,320.7968455447525
NBL-1037,2026-07-21/2026-07-27,2026-07-27,3.0,188.4215744061578,170.65898316125458,206.184165651061
NBL-1038,2026-07-21/2026-07-27,2026-07-27,3.0,134.580645324596,114.43985387041735,154.72143677877463
NBL-1039,2026-07-21/2026-07-27,2026-07-27,3.0,215.4228911893152,192.66204366614897,238.18373871248144
NBL-1040,2026-07-21/2026-07-27,2026-07-27,3.0,238.5115700545261,216.92467095732292,260.09846915172926
NBL-1041,2026-07-21/2026-07-27,2026-07-27,3.0,650.028260824207,622.3804452546649,677.6760763937491
NBL-1042,2026-07-21/2026-07-27,2026-07-27,3.0,101.0,86.14630302714335,115.85369697285665
NBL-1043,2026-07-21/2026-07-27,2026-07-27,3.0,55.0,46.520625080310694,63.479374919689306
NBL-1044,2026-07-21/2026-07-27,2026-07-27,3.0,275.0,253.16278552656328,296.83721447343675
NBL-1045,2026-07-21/2026-07-27,2026-07-27,3.0,179.0,155.92551050614253,202.07448949385747
NBL-1046,2026-07-21/2026-07-27,2026-07-27,3.0,135.0,116.17849100534788,153.82150899465213
NBL-1047,2026-07-21/2026-07-27,2026-07-27,3.0,592.0,551.4250869807221,632.5749130192779
NBL-1048,2026-07-21/2026-07-27,2026-07-27,3.0,528.0,496.99727654771823,559.0027234522818
NBL-1049,2026-07-21/2026-07-27,2026-07-27,3.0,309.0,273.8864607896315,344.1135392103685
NBL-1050,2026-07-21/2026-07-27,2026-07-27,3.0,112.0,100.9527471833545,123.0472528166455
NBL-1051,2026-07-21/2026-07-27,2026-07-27,3.0,224.0,198.9557343754752,249.0442656245248
NBL-1052,2026-07-21/2026-07-27,2026-07-27,3.0,634.0,596.1863868036688,671.8136131963312
NBL-1053,2026-07-21/2026-07-27,2026-07-27,3.0,280.0,249.19230798242512,310.8076920175749
NBL-1054,2026-07-21/2026-07-27,2026-07-27,3.0,344.5330554255531,316.069529978544,372.99658087256216
NBL-1055,2026-07-21/2026-07-27,2026-07-27,3.0,266.6108747671359,237.71203869772083,295.509710836551
NBL-1056,2026-07-21/2026-07-27,2026-07-27,3.0,72.5689028646467,61.84583013224823,83.29197559704517
NBL-1057,2026-07-21/2026-07-27,2026-07-27,3.0,187.41835335813974,170.60795292295433,204.22875379332515
NBL-1058,2026-07-21/2026-07-27,2026-07-27,3.0,169.71638287888473,143.7110931637662,195.72167259400325
NBL-1059,2026-07-21/2026-07-27,2026-07-27,3.0,183.19363073938942,164.95570748133073,201.4315539974481
NBL-1060,2026-07-21/2026-07-27,2026-07-27,3.0,336.70537342080365,302.2577880806091,371.1529587609982
NBL-1061,2026-07-21/2026-07-27,2026-07-27,3.0,281.9554906166924,258.4503336793054,305.46064755407934
NBL-1062,2026-07-21/2026-07-27,2026-07-27,3.0,254.44778024626024,232.4687685598904,276.42679193263007
NBL-1063,2026-07-21/2026-07-27,2026-07-27,3.0,551.0398277937736,519.3980042618363,582.681651325711
NBL-1064,2026-07-21/2026-07-27,2026-07-27,3.0,31.014625284587154,23.026253892464553,39.002996676709756
NBL-1065,2026-07-21/2026-07-27,2026-07-27,3.0,91.03895204429992,77.64812846933097,104.42977561926887
NBL-1066,2026-07-21/2026-07-27,2026-07-27,3.0,258.57405131525894,231.46789511251148,285.6802075180064
NBL-1067,2026-07-21/2026-07-27,2026-07-27,3.0,8.704962400989256,6.451952230979828,10.957972570998685
NBL-1068,2026-07-21/2026-07-27,2026-07-27,3.0,49.97809477655573,36.25503099501479,63.701158558096665
NBL-1069,2026-07-21/2026-07-27,2026-07-27,3.0,300.5951203816954,270.81001723554607,330.3802235278447
NBL-1070,2026-07-21/2026-07-27,2026-07-27,3.0,185.99908218887697,164.71916516403957,207.27899921371437
NBL-1071,2026-07-21/2026-07-27,2026-07-27,3.0,157.09848898847238,137.8967927215849,176.30018525535988
NBL-1072,2026-07-21/2026-07-27,2026-07-27,3.0,36.558669483730384,28.75601789119091,44.36132107626986
NBL-1073,2026-07-21/2026-07-27,2026-07-27,3.0,287.3127965707768,255.94367201596577,318.68192112558785
NBL-1074,2026-07-21/2026-07-27,2026-07-27,3.0,59.6544386535601,49.221888011537544,70.08698929558265
NBL-1075,2026-07-21/2026-07-27,2026-07-27,3.0,264.4467498999796,237.0558907997794,291.8376090001798
NBL-1076,2026-07-21/2026-07-27,2026-07-27,3.0,79.00445371210496,62.64265123823833,95.3662561859716
NBL-1077,2026-07-21/2026-07-27,2026-07-27,3.0,426.2020754146043,394.50715416718765,457.8969966620209
NBL-1078,2026-07-21/2026-07-27,2026-07-27,3.0,11.240241788054187,5.321907285960165,17.158576290148208
NBL-1079,2026-07-21/2026-07-27,2026-07-27,3.0,279.6481546569741,250.85375957874277,308.44254973520543
NBL-1080,2026-07-21/2026-07-27,2026-07-27,3.0,32.891425323795,25.675058105855484,40.10779254173451
NBL-1081,2026-07-21/2026-07-27,2026-07-27,3.0,38.4329558004543,30.900609868039012,45.96530173286959
NBL-1082,2026-07-21/2026-07-27,2026-07-27,3.0,290.41409705835207,260.91444282011577,319.9137512965884
NBL-1083,2026-07-21/2026-07-27,2026-07-27,3.0,536.6643058070464,496.85282176737616,576.4757898467166
NBL-1084,2026-07-21/2026-07-27,2026-07-27,3.0,72.9852801170146,59.76678192486264,86.20377830916655
NBL-1085,2026-07-21/2026-07-27,2026-07-27,3.0,73.43516271021478,58.2638748243104,88.60645059611917
NBL-1086,2026-07-21/2026-07-27,2026-07-27,3.0,330.26749179608066,292.4763973142113,368.05858627795004
NBL-1087,2026-07-21/2026-07-27,2026-07-27,3.0,739.215851412057,702.7868450823103,775.6448577418037
NBL-1088,2026-07-21/2026-07-27,2026-07-27,3.0,47.29490906325686,36.73205922223794,57.85775890427578
NBL-1089,2026-07-21/2026-07-27,2026-07-27,3.0,126.94877866789685,106.9443482110756,146.9532091247181
NBL-1090,2026-07-21/2026-07-27,2026-07-27,3.0,46.25266234816924,34.68050125729485,57.82482343904363
NBL-1091,2026-07-21/2026-07-27,2026-07-27,3.0,223.32941691406762,203.3554130280321,243.30342080010314
NBL-1092,2026-07-21/2026-07-27,2026-07-27,3.0,82.92035893360877,69.00669074701811,96.83402712019942
NBL-1093,2026-07-21/2026-07-27,2026-07-27,3.0,294.8047026640553,264.40809783862807,325.20130748948253
NBL-1094,2026-07-21/2026-07-27,2026-07-27,3.0,38.69226177464399,28.716872112502767,48.667651436785206
NBL-1095,2026-07-21/2026-07-27,2026-07-27,3.0,621.145960671023,581.636377553708,660.6555437883379
NBL-1096,2026-07-21/2026-07-27,2026-07-27,3.0,503.5670645384024,468.76195109283174,538.3721779839731
NBL-1097,2026-07-21/2026-07-27,2026-07-27,3.0,592.6036946598134,565.2573640532397,619.9500252663871
NBL-1098,2026-07-21/2026-07-27,2026-07-27,3.0,193.6490122032307,175.77125775253563,211.5267666539258
NBL-1099,2026-07-21/2026-07-27,2026-07-27,3.0,33.34164811278722,23.151154206899676,43.53214201867476
NBL-1100,2026-07-21/2026-07-27,2026-07-27,3.0,177.69272646683814,159.49714083271496,195.88831210096131
NBL-1101,2026-07-21/2026-07-27,2026-07-27,3.0,169.227459443455,152.5481633411914,185.90675554571857
NBL-1102,2026-07-21/2026-07-27,2026-07-27,3.0,661.3095056607023,625.6336003364615,696.985410984943
NBL-1103,2026-07-21/2026-07-27,2026-07-27,3.0,146.54616959880804,127.21523000578,165.87710919183607
NBL-1104,2026-07-21/2026-07-27,2026-07-27,3.0,51.008082199096336,40.30356065598267,61.71260374221
NBL-1105,2026-07-21/2026-07-27,2026-07-27,3.0,357.9325343680755,329.2481281204624,386.6169406156886
NBL-1106,2026-07-21/2026-07-27,2026-07-27,3.0,98.64440886012544,82.20367640384032,115.08514131641056
NBL-1107,2026-07-21/2026-07-27,2026-07-27,3.0,65.48680392187104,58.32445101601229,72.6491568277298
NBL-1108,2026-07-21/2026-07-27,2026-07-27,3.0,260.55159635219763,231.90133579242956,289.2018569119657
NBL-1109,2026-07-21/2026-07-27,2026-07-27,3.0,168.17495126502197,146.79808391946347,189.55181861058048
NBL-1110,2026-07-21/2026-07-27,2026-07-27,3.0,749.3699935314899,711.6482523799065,787.0917346830732
NBL-1111,2026-07-21/2026-07-27,2026-07-27,3.0,286.7163520402442,250.43056254403254,323.00214153645584
NBL-1112,2026-07-21/2026-07-27,2026-07-27,3.0,400.7362489702973,366.6386792578181,434.8338186827765
NBL-1113,2026-07-21/2026-07-27,2026-07-27,3.0,395.04970053690596,357.9825166465547,432.1168844272572
NBL-1114,2026-07-21/2026-07-27,2026-07-27,3.0,292.8291810797225,265.1710849328943,320.4872772265507
NBL-1115,2026-07-21/2026-07-27,2026-07-27,3.0,647.2877510643524,614.0662681948552,680.5092339338496
NBL-1116,2026-07-21/2026-07-27,2026-07-27,3.0,638.8975001707715,611.52104629302,666.273954048523
NBL-1117,2026-07-21/2026-07-27,2026-07-27,3.0,657.8720072778144,623.0852845563693,692.6587299992595
NBL-1118,2026-07-21/2026-07-27,2026-07-27,3.0,613.1793887471282,580.0086609519003,646.3501165423561
NBL-1119,2026-07-21/2026-07-27,2026-07-27,3.0,511.88517186290005,481.4101504353969,542.3601932904032
NBL-1120,2026-07-21/2026-07-27,2026-07-27,3.0,675.2935668446161,636.4375907591068,714.1495429301253
NBL-1121,2026-07-21/2026-07-27,2026-07-27,3.0,245.1769345689702,221.54891597241692,268.8049531655235
NBL-1122,2026-07-21/2026-07-27,2026-07-27,3.0,282.72198340845006,249.11357903045425,316.33038778644584
NBL-1123,2026-07-21/2026-07-27,2026-07-27,3.0,163.43666726171216,144.76298376187484,182.11035076154948
NBL-1124,2026-07-21/2026-07-27,2026-07-27,3.0,281.5099848934793,257.9673763624768,305.05259342448187
NBL-1125,2026-07-21/2026-07-27,2026-07-27,3.0,301.0050403884826,270.50950652090364,331.50057425606155
NBL-1126,2026-07-21/2026-07-27,2026-07-27,3.0,240.23372123494102,216.6940808769103,263.7733615929717
NBL-1127,2026-07-21/2026-07-27,2026-07-27,3.0,235.47482787693585,211.78739145786366,259.162264296008
NBL-1128,2026-07-21/2026-07-27,2026-07-27,3.0,734.6042334779731,702.3969912055071,766.8114757504392
NBL-1129,2026-07-21/2026-07-27,2026-07-27,3.0,7.2071965006217065,4.655775652852037,9.758617348391375
NBL-1130,2026-07-21/2026-07-27,2026-07-27,3.0,77.46488104279275,61.57211823411079,93.35764385147472
NBL-1131,2026-07-21/2026-07-27,2026-07-27,3.0,34.497425128807706,22.63390921586096,46.36094104175445
NBL-1132,2026-07-21/2026-07-27,2026-07-27,3.0,73.10621914816963,61.06392168167942,85.14851661465984
NBL-1133,2026-07-21/2026-07-27,2026-07-27,3.0,630.6027637748439,596.9563851533957,664.2491423962921
NBL-1134,2026-07-21/2026-07-27,2026-07-27,3.0,221.20890443624145,197.43110431165215,244.98670456083076
NBL-1135,2026-07-21/2026-07-27,2026-07-27,3.0,266.04252739391933,239.84002060784914,292.2450341799895
NBL-1136,2026-07-21/2026-07-27,2026-07-27,3.0,290.18023243276974,259.4727778952106,320.8876869703289
NBL-1137,2026-07-21/2026-07-27,2026-07-27,3.0,231.95421389623522,207.63171972354314,256.2767080689273
NBL-1138,2026-07-21/2026-07-27,2026-07-27,3.0,202.80757388562125,181.22738094095396,224.38776683028854
NBL-1139,2026-07-21/2026-07-27,2026-07-27,3.0,607.7068998680109,571.7611377715457,643.652661964476
NBL-1140,2026-07-21/2026-07-27,2026-07-27,3.0,214.6283424418043,184.84816152524866,244.40852335835996
NBL-1141,2026-07-21/2026-07-27,2026-07-27,3.0,670.3544595061799,631.5343323108709,709.1745867014888
NBL-1142,2026-07-21/2026-07-27,2026-07-27,3.0,17.210971836824584,11.108254694603243,23.313688979045924
NBL-1143,2026-07-21/2026-07-27,2026-07-27,3.0,136.43719504408529,122.16048540366694,150.71390468450363
NBL-1144,2026-07-21/2026-07-27,2026-07-27,3.0,70.5505787259679,57.46808522617123,83.63307222576455
NBL-1145,2026-07-21/2026-07-27,2026-07-27,3.0,416.2821117417391,387.1153610261653,445.4488624573128
NBL-1146,2026-07-21/2026-07-27,2026-07-27,3.0,122.00256994288283,100.26081538685474,143.7443244989109
NBL-1147,2026-07-21/2026-07-27,2026-07-27,3.0,253.7018447456992,224.86674607361505,282.53694341778333
NBL-1148,2026-07-21/2026-07-27,2026-07-27,3.0,204.67089266529192,183.78745841748307,225.55432691310077
NBL-1149,2026-07-21/2026-07-27,2026-07-27,3.0,570.9540457457518,539.8861634820397,602.021928009464
NBL-1000,2026-07-28/2026-08-03,2026-08-03,4.0,408.0352564049972,372.1372889624358,443.9332238475586
NBL-1001,2026-07-28/2026-08-03,2026-08-03,4.0,243.38682078435176,219.23239693369695,267.54124463500654
NBL-1002,2026-07-28/2026-08-03,2026-08-03,4.0,725.6386786404738,693.1541873910038,758.1231698899438
NBL-1003,2026-07-28/2026-08-03,2026-08-03,4.0,223.02811986513683,197.1930785068935,248.86316122338016
NBL-1004,2026-07-28/2026-08-03,2026-08-03,4.0,418.5602166552113,381.4627378085383,455.65769550188435
NBL-1005,2026-07-28/2026-08-03,2026-08-03,4.0,14.745616767887292,7.15741248324218,22.333821052532404
NBL-1006,2026-07-28/2026-08-03,2026-08-03,4.0,278.33096967988644,251.7933543185822,304.86858504119067
NBL-1007,2026-07-28/2026-08-03,2026-08-03,4.0,327.13321148336786,294.88541735678507,359.38100560995065
NBL-1008,2026-07-28/2026-08-03,2026-08-03,4.0,135.69938689983206,118.20701713876751,153.19175666089663
NBL-1009,2026-07-28/2026-08-03,2026-08-03,4.0,121.74344590445529,101.0467698668022,142.44012194210836
NBL-1010,2026-07-28/2026-08-03,2026-08-03,4.0,284.8891483658875,253.42695527441202,316.35134145736293
NBL-1011,2026-07-28/2026-08-03,2026-08-03,4.0,211.51180456043048,192.7678719149083,230.25573720595264
NBL-1012,2026-07-28/2026-08-03,2026-08-03,4.0,127.08003957395557,111.86905173482836,142.2910274130828
NBL-1013,2026-07-28/2026-08-03,2026-08-03,4.0,36.16224369525023,28.10252300822057,44.22196438227989
NBL-1014,2026-07-28/2026-08-03,2026-08-03,4.0,175.78605361461146,151.54866892446174,200.02343830476119
NBL-1015,2026-07-28/2026-08-03,2026-08-03,4.0,100.43812306107868,86.63165467704958,114.24459144510779
NBL-1016,2026-07-28/2026-08-03,2026-08-03,4.0,73.33633223477878,60.23865743215283,86.43400703740474
NBL-1017,2026-07-28/2026-08-03,2026-08-03,4.0,119.40461921962158,103.16377937304803,135.64545906619514
NBL-1018,2026-07-28/2026-08-03,2026-08-03,4.0,342.1596522162997,309.95508168904473,374.3642227435547
NBL-1019,2026-07-28/2026-08-03,2026-08-03,4.0,68.46720641898592,53.47663961821668,83.45777321975517
NBL-1020,2026-07-28/2026-08-03,2026-08-03,4.0,563.1245785619465,533.0615730250805,593.1875840988124
NBL-1021,2026-07-28/2026-08-03,2026-08-03,4.0,581.791492341888,550.7743069421776,612.8086777415983
NBL-1022,2026-07-28/2026-08-03,2026-08-03,4.0,600.5828790713956,554.1144513401421,647.0513068026492
NBL-1023,2026-07-28/2026-08-03,2026-08-03,4.0,197.03586228473665,173.25476714169312,220.81695742778018
NBL-1024,2026-07-28/2026-08-03,2026-08-03,4.0,470.31590819923224,447.00683266818936,493.6249837302751
NBL-1025,2026-07-28/2026-08-03,2026-08-03,4.0,543.8796961178393,506.3834015959386,581.37599063974
NBL-1026,2026-07-28/2026-08-03,2026-08-03,4.0,229.0807784408983,206.16948145261188,251.99207542918475
NBL-1027,2026-07-28/2026-08-03,2026-08-03,4.0,78.54120501272428,65.63758299599476,91.44482702945379
NBL-1028,2026-07-28/2026-08-03,2026-08-03,4.0,141.5130253243392,123.00806757886177,160.01798306981664
NBL-1029,2026-07-28/2026-08-03,2026-08-03,4.0,153.16054852920772,130.69042308176947,175.63067397664597
NBL-1030,2026-07-28/2026-08-03,2026-08-03,4.0,279.5254021918963,253.35955079780666,305.691253585986
NBL-1031,2026-07-28/2026-08-03,2026-08-03,4.0,294.3625868863846,269.92008235843207,318.8050914143371
NBL-1032,2026-07-28/2026-08-03,2026-08-03,4.0,73.23998297763583,58.358908411265666,88.12105754400599
NBL-1033,2026-07-28/2026-08-03,2026-08-03,4.0,573.3597112458528,538.4245433767165,608.2948791149892
NBL-1034,2026-07-28/2026-08-03,2026-08-03,4.0,592.7829177094674,543.6803648129327,641.8854706060021
NBL-1035,2026-07-28/2026-08-03,2026-08-03,4.0,277.4739787165819,248.55269502697868,306.3952624061851
NBL-1036,2026-07-28/2026-08-03,2026-08-03,4.0,278.9594167403781,252.16514870846342,305.7536847722928
NBL-1037,2026-07-28/2026-08-03,2026-08-03,4.0,181.53160773030802,163.76901648540482,199.29419897521123
NBL-1038,2026-07-28/2026-08-03,2026-08-03,4.0,124.77067569946459,104.62988424528595,144.91146715364323
NBL-1039,2026-07-28/2026-08-03,2026-08-03,4.0,204.33725081857952,181.5764032954133,227.09809834174575
NBL-1040,2026-07-28/2026-08-03,2026-08-03,4.0,237.3198045642976,215.73290546709444,258.9067036615008
NBL-1041,2026-07-28/2026-08-03,2026-08-03,4.0,549.0,521.3521844304578,576.6478155695422
NBL-1042,2026-07-28/2026-08-03,2026-08-03,4.0,124.0,109.14630302714335,138.85369697285665
NBL-1043,2026-07-28/2026-08-03,2026-08-03,4.0,66.0,57.520625080310694,74.4793749196893
NBL-1044,2026-07-28/2026-08-03,2026-08-03,4.0,350.0,328.16278552656325,371.83721447343675
NBL-1045,2026-07-28/2026-08-03,2026-08-03,4.0,188.0,164.92551050614253,211.07448949385747
NBL-1046,2026-07-28/2026-08-03,2026-08-03,4.0,148.0,129.17849100534787,166.82150899465213
NBL-1047,2026-07-28/2026-08-03,2026-08-03,4.0,501.0,460.4250869807221,541.5749130192779
NBL-1048,2026-07-28/2026-08-03,2026-08-03,4.0,417.0,385.99727654771823,448.00272345228177
NBL-1049,2026-07-28/2026-08-03,2026-08-03,4.0,299.0,263.8864607896315,334.1135392103685
NBL-1050,2026-07-28/2026-08-03,2026-08-03,4.0,90.0,78.9527471833545,101.0472528166455
NBL-1051,2026-07-28/2026-08-03,2026-08-03,4.0,231.0,205.9557343754752,256.04426562452477
NBL-1052,2026-07-28/2026-08-03,2026-08-03,4.0,562.0,524.1863868036688,599.8136131963312
NBL-1053,2026-07-28/2026-08-03,2026-08-03,4.0,284.1627625617045,253.3550705441296,314.97045457927936
NBL-1054,2026-07-28/2026-08-03,2026-08-03,4.0,341.13850602728695,312.67498058027786,369.60203147429604
NBL-1055,2026-07-28/2026-08-03,2026-08-03,4.0,251.4433176547445,222.54448158532944,280.3421537241596
NBL-1056,2026-07-28/2026-08-03,2026-08-03,4.0,67.72112123532189,56.99804850292342,78.44419396772035
NBL-1057,2026-07-28/2026-08-03,2026-08-03,4.0,172.2043424002265,155.39394196504105,189.01474283541194
NBL-1058,2026-07-28/2026-08-03,2026-08-03,4.0,163.97563250556425,137.97034279044573,189.98092222068277
NBL-1059,2026-07-28/2026-08-03,2026-08-03,4.0,179.8390539684275,161.6011307103688,198.07697722648618
NBL-1060,2026-07-28/2026-08-03,2026-08-03,4.0,321.3466226014199,286.8990372612253,355.79420794161445
NBL-1061,2026-07-28/2026-08-03,2026-08-03,4.0,258.9140988894736,235.40894195208668,282.4192558268606
NBL-1062,2026-07-28/2026-08-03,2026-08-03,4.0,241.78607869174917,219.80706700537934,263.765090378119
NBL-1063,2026-07-28/2026-08-03,2026-08-03,4.0,551.5048600582219,519.8630365262845,583.1466835901592
NBL-1064,2026-07-28/2026-08-03,2026-08-03,4.0,29.495639024115963,21.507267631993365,37.48401041623856
NBL-1065,2026-07-28/2026-08-03,2026-08-03,4.0,81.25424948677791,67.86342591180896,94.64507306174686
NBL-1066,2026-07-28/2026-08-03,2026-08-03,4.0,238.85822345103975,211.7520672482923,265.9643796537872
NBL-1067,2026-07-28/2026-08-03,2026-08-03,4.0,8.225657380104135,5.972647210094706,10.478667550113563
NBL-1068,2026-07-28/2026-08-03,2026-08-03,4.0,50.64357229246519,36.92050851092425,64.36663607400612
NBL-1069,2026-07-28/2026-08-03,2026-08-03,4.0,304.9299672207238,275.1448640745745,334.71507036687314
NBL-1070,2026-07-28/2026-08-03,2026-08-03,4.0,178.37858657278682,157.0986695479494,199.65850359762422
NBL-1071,2026-07-28/2026-08-03,2026-08-03,4.0,152.29884703025502,133.09715076336752,171.5005432971425
NBL-1072,2026-07-28/2026-08-03,2026-08-03,4.0,36.20580995501756,28.403158362478084,44.00846154755703
NBL-1073,2026-07-28/2026-08-03,2026-08-03,4.0,254.39480209512925,223.0256775403182,285.7639266499403
NBL-1074,2026-07-28/2026-08-03,2026-08-03,4.0,60.141645676584886,49.709095034562324,70.57419631860745
NBL-1075,2026-07-28/2026-08-03,2026-08-03,4.0,262.2235218780704,234.83266277787024,289.61438097827056
NBL-1076,2026-07-28/2026-08-03,2026-08-03,4.0,78.75132422092102,62.38952174705439,95.11312669478765
NBL-1077,2026-07-28/2026-08-03,2026-08-03,4.0,402.7661850325291,371.0712637851125,434.46110627994574
NBL-1078,2026-07-28/2026-08-03,2026-08-03,4.0,12.772011742325693,6.853677240231672,18.690346244419715
NBL-1079,2026-07-28/2026-08-03,2026-08-03,4.0,271.10932376568536,242.31492868745403,299.9037188439167
NBL-1080,2026-07-28/2026-08-03,2026-08-03,4.0,31.543223486009943,24.32685626807043,38.759590703949456
NBL-1081,2026-07-28/2026-08-03,2026-08-03,4.0,39.31148046505941,31.77913453264412,46.8438263974747
NBL-1082,2026-07-28/2026-08-03,2026-08-03,4.0,273.55982228898637,244.06016805075006,303.05947652722267
NBL-1083,2026-07-28/2026-08-03,2026-08-03,4.0,528.6877814411667,488.8762974014965,568.4992654808369
NBL-1084,2026-07-28/2026-08-03,2026-08-03,4.0,67.76139983109739,54.54290163894544,80.97989802324935
NBL-1085,2026-07-28/2026-08-03,2026-08-03,4.0,76.76684407676731,61.59555619086293,91.9381319626717
NBL-1086,2026-07-28/2026-08-03,2026-08-03,4.0,339.4646593185687,301.6735648366993,377.2557538004381
NBL-1087,2026-07-28/2026-08-03,2026-08-03,4.0,731.9599547853876,695.5309484556409,768.3889611151343
NBL-1088,2026-07-28/2026-08-03,2026-08-03,4.0,44.480317892710325,33.91746805169141,55.04316773372924
NBL-1089,2026-07-28/2026-08-03,2026-08-03,4.0,124.1782366382956,104.17380618147436,144.18266709511684
NBL-1090,2026-07-28/2026-08-03,2026-08-03,4.0,43.16364688531791,31.59148579444352,54.7358079761923
NBL-1091,2026-07-28/2026-08-03,2026-08-03,4.0,212.5262318759535,192.55222798991798,232.50023576198902
NBL-1092,2026-07-28/2026-08-03,2026-08-03,4.0,80.6719311430006,66.75826295640995,94.58559932959126
NBL-1093,2026-07-28/2026-08-03,2026-08-03,4.0,272.2700455420498,241.87344071662255,302.666650367477
NBL-1094,2026-07-28/2026-08-03,2026-08-03,4.0,38.01316341287796,28.037773750736736,47.98855307501918
NBL-1095,2026-07-28/2026-08-03,2026-08-03,4.0,600.5886508999318,561.0790677826169,640.0982340172468
NBL-1096,2026-07-28/2026-08-03,2026-08-03,4.0,522.1768103267054,487.37169688113477,556.9819237722761
NBL-1097,2026-07-28/2026-08-03,2026-08-03,4.0,623.203843446952,595.8575128403783,650.5501740535257
NBL-1098,2026-07-28/2026-08-03,2026-08-03,4.0,178.7150518726377,160.83729742194262,196.59280632333278
NBL-1099,2026-07-28/2026-08-03,2026-08-03,4.0,35.246969101791976,25.056475195904433,45.43746300767952
NBL-1100,2026-07-28/2026-08-03,2026-08-03,4.0,178.18059662084067,159.9850109867175,196.37618225496385
NBL-1101,2026-07-28/2026-08-03,2026-08-03,4.0,162.6503513605092,145.97105525824563,179.32964746277278
NBL-1102,2026-07-28/2026-08-03,2026-08-03,4.0,651.1611794782464,615.4852741540057,686.8370848024871
NBL-1103,2026-07-28/2026-08-03,2026-08-03,4.0,142.7603133476147,123.42937375458666,162.09125294064273
NBL-1104,2026-07-28/2026-08-03,2026-08-03,4.0,43.51138665338626,32.8068651102726,54.215908196499925
NBL-1105,2026-07-28/2026-08-03,2026-08-03,4.0,353.29691516055976,324.61250891294674,381.9813214081728
NBL-1106,2026-07-28/2026-08-03,2026-08-03,4.0,93.43922172169572,76.9984892654106,109.87995417798084
NBL-1107,2026-07-28/2026-08-03,2026-08-03,4.0,59.944923645737305,52.78257073987855,67.10727655159606
NBL-1108,2026-07-28/2026-08-03,2026-08-03,4.0,249.09359756414307,220.443337004375,277.74385812391114
NBL-1109,2026-07-28/2026-08-03,2026-08-03,4.0,166.90564728704572,145.5287799414872,188.28251463260426
NBL-1110,2026-07-28/2026-08-03,2026-08-03,4.0,744.412766918174,706.6910257665907,782.1345080697574
NBL-1111,2026-07-28/2026-08-03,2026-08-03,4.0,290.148794022021,253.86300452580932,326.43458351823267
NBL-1112,2026-07-28/2026-08-03,2026-08-03,4.0,373.31066283798475,339.21309312550557,407.40823255046394
NBL-1113,2026-07-28/2026-08-03,2026-08-03,4.0,377.6001271757866,340.53294328543535,414.66731106613787
NBL-1114,2026-07-28/2026-08-03,2026-08-03,4.0,282.0119193986869,254.35382325185876,309.6700155455151
NBL-1115,2026-07-28/2026-08-03,2026-08-03,4.0,659.0031630707252,625.781680201228,692.2246459402224
NBL-1116,2026-07-28/2026-08-03,2026-08-03,4.0,621.4056206551188,594.0291667773673,648.7820745328703
NBL-1117,2026-07-28/2026-08-03,2026-08-03,4.0,656.6621831055653,621.8754603841202,691.4489058270104
NBL-1118,2026-07-28/2026-08-03,2026-08-03,4.0,566.2733209270449,533.102593131817,599.4440487222728
NBL-1119,2026-07-28/2026-08-03,2026-08-03,4.0,485.9187012747332,455.44367984723004,516.3937227022365
NBL-1120,2026-07-28/2026-08-03,2026-08-03,4.0,639.6885680800818,600.8325919945726,678.5445441655911
NBL-1121,2026-07-28/2026-08-03,2026-08-03,4.0,236.6688764646468,213.0408578680935,260.2968950612001
NBL-1122,2026-07-28/2026-08-03,2026-08-03,4.0,280.4807957008766,246.87239132288082,314.0892000788724
NBL-1123,2026-07-28/2026-08-03,2026-08-03,4.0,151.991443993139,133.31776049330168,170.66512749297632
NBL-1124,2026-07-28/2026-08-03,2026-08-03,4.0,279.68542184189926,256.1428133108967,303.2280303729018
NBL-1125,2026-07-28/2026-08-03,2026-08-03,4.0,292.0866483587892,261.59111449121025,322.58218222636816
NBL-1126,2026-07-28/2026-08-03,2026-08-03,4.0,231.20180920197387,207.66216884394316,254.74144956000458
NBL-1127,2026-07-28/2026-08-03,2026-08-03,4.0,226.5576376575963,202.87020123852412,250.2450740766685
NBL-1128,2026-07-28/2026-08-03,2026-08-03,4.0,723.7765414791186,691.5692992066525,755.9837837515846
NBL-1129,2026-07-28/2026-08-03,2026-08-03,4.0,8.027004762051703,5.4755839142820335,10.578425609821373
NBL-1130,2026-07-28/2026-08-03,2026-08-03,4.0,73.1963597238941,57.30359691521214,89.08912253257607
NBL-1131,2026-07-28/2026-08-03,2026-08-03,4.0,34.047944065317665,22.18442815237092,45.91145997826441
NBL-1132,2026-07-28/2026-08-03,2026-08-03,4.0,67.29640165986028,55.25410419337007,79.33869912635049
NBL-1133,2026-07-28/2026-08-03,2026-08-03,4.0,641.7243441599196,608.0779655384714,675.3707227813678
NBL-1134,2026-07-28/2026-08-03,2026-08-03,4.0,220.88278477024426,197.10498464565495,244.66058489483356
NBL-1135,2026-07-28/2026-08-03,2026-08-03,4.0,257.12494135360487,230.92243456753468,283.327448139675
NBL-1136,2026-07-28/2026-08-03,2026-08-03,4.0,267.14144913866335,236.43399460110416,297.8489036762225
NBL-1137,2026-07-28/2026-08-03,2026-08-03,4.0,219.35906113363066,195.0365669609386,243.68155530632274
NBL-1138,2026-07-28/2026-08-03,2026-08-03,4.0,195.02653656700255,173.44634362233526,216.60672951166984
NBL-1139,2026-07-28/2026-08-03,2026-08-03,4.0,535.1087295520617,499.1629674555966,571.0544916485269
NBL-1140,2026-07-28/2026-08-03,2026-08-03,4.0,206.11858718928957,176.33840627273392,235.89876810584522
NBL-1141,2026-07-28/2026-08-03,2026-08-03,4.0,653.2268504619208,614.4067232666118,692.0469776572297
NBL-1142,2026-07-28/2026-08-03,2026-08-03,4.0,15.929318123580929,9.82660098135959,22.032035265802268
NBL-1143,2026-07-28/2026-08-03,2026-08-03,4.0,129.76242004942654,115.48571040900819,144.03912968984488
NBL-1144,2026-07-28/2026-08-03,2026-08-03,4.0,69.85866430985438,56.776170810057714,82.94115780965103
NBL-1145,2026-07-28/2026-08-03,2026-08-03,4.0,412.0606399367334,382.89388922115967,441.2273906523072
NBL-1146,2026-07-28/2026-08-03,2026-08-03,4.0,119.11680144121804,97.37504688518996,140.85855599724613
NBL-1147,2026-07-28/2026-08-03,2026-08-03,4.0,230.91579761514893,202.0806989430648,259.7508962872331
NBL-1148,2026-07-28/2026-08-03,2026-08-03,4.0,186.9525394005772,166.06910515276834,207.83597364838604
NBL-1149,2026-07-28/2026-08-03,2026-08-03,4.0,630.3790931300692,599.3112108663571,661.4469753937814
NBL-1000,2026-08-04/2026-08-10,2026-08-10,5.0,404.2177570816612,368.3197896390998,440.1157245242226
NBL-1001,2026-08-04/2026-08-10,2026-08-10,5.0,234.03925105316546,209.88482720251065,258.19367490382024
NBL-1002,2026-08-04/2026-08-10,2026-08-10,5.0,737.7441207610768,705.2596295116068,770.2286120105468
NBL-1003,2026-08-04/2026-08-10,2026-08-10,5.0,228.66111380677216,202.82607244852883,254.4961551650155
NBL-1004,2026-08-04/2026-08-10,2026-08-10,5.0,403.7912270764444,366.69374822977136,440.8887059231174
NBL-1005,2026-08-04/2026-08-10,2026-08-10,5.0,9.966656864101456,2.3784525794563445,17.554861148746568
NBL-1006,2026-08-04/2026-08-10,2026-08-10,5.0,286.22968040801715,259.6920650467129,312.7672957693214
NBL-1007,2026-08-04/2026-08-10,2026-08-10,5.0,321.20460691606974,288.9568127894869,353.4524010426526
NBL-1008,2026-08-04/2026-08-10,2026-08-10,5.0,134.36859119092472,116.87622142986017,151.86096095198928
NBL-1009,2026-08-04/2026-08-10,2026-08-10,5.0,123.34919006317641,102.65251402552332,144.0458661008295
NBL-1010,2026-08-04/2026-08-10,2026-08-10,5.0,274.9338877018014,243.47169461032593,306.39608079327684
NBL-1011,2026-08-04/2026-08-10,2026-08-10,5.0,202.09967509972836,183.3557424542062,220.84360774525052
NBL-1012,2026-08-04/2026-08-10,2026-08-10,5.0,124.08480997196885,108.87382213284164,139.29579781109607
NBL-1013,2026-08-04/2026-08-10,2026-08-10,5.0,33.28038428691114,25.22066359988148,41.34010497394081
NBL-1014,2026-08-04/2026-08-10,2026-08-10,5.0,171.5667006451058,147.3293159549561,195.80408533525554
NBL-1015,2026-08-04/2026-08-10,2026-08-10,5.0,89.340589080798,75.5341206967689,103.1470574648271
NBL-1016,2026-08-04/2026-08-10,2026-08-10,5.0,72.79257101652186,59.69489621389591,85.89024581914782
NBL-1017,2026-08-04/2026-08-10,2026-08-10,5.0,124.44925062766899,108.20841078109544,140.69009047424254
NBL-1018,2026-08-04/2026-08-10,2026-08-10,5.0,354.91697533465896,322.712404807404,387.1215458619139
NBL-1019,2026-08-04/2026-08-10,2026-08-10,5.0,62.69773362979765,47.70716682902841,77.6883004305669
NBL-1020,2026-08-04/2026-08-10,2026-08-10,5.0,540.11801052749,510.05500499062407,570.181016064356
NBL-1021,2026-08-04/2026-08-10,2026-08-10,5.0,553.2798282796916,522.2626428799813,584.297013679402
NBL-1022,2026-08-04/2026-08-10,2026-08-10,5.0,544.7630009892864,498.2945732580328,591.23142872054
NBL-1023,2026-08-04/2026-08-10,2026-08-10,5.0,202.02481022196113,178.2437150789176,225.80590536500466
NBL-1024,2026-08-04/2026-08-10,2026-08-10,5.0,447.77549383601615,424.4664183049733,471.08456936705903
NBL-1025,2026-08-04/2026-08-10,2026-08-10,5.0,534.0329772262323,496.5366827043316,571.529271748133
NBL-1026,2026-08-04/2026-08-10,2026-08-10,5.0,241.5943614020269,218.68306441374045,264.50565839031333
NBL-1027,2026-08-04/2026-08-10,2026-08-10,5.0,78.22534560499783,65.32172358826831,91.12896762172734
NBL-1028,2026-08-04/2026-08-10,2026-08-10,5.0,142.42462842353316,123.91967067805574,160.9295861690106
NBL-1029,2026-08-04/2026-08-10,2026-08-10,5.0,155.21386023290998,132.74373478547173,177.68398568034823
NBL-1030,2026-08-04/2026-08-10,2026-08-10,5.0,286.5203966218667,260.35454522777707,312.6862480159564
NBL-1031,2026-08-04/2026-08-10,2026-08-10,5.0,289.84034694141997,265.39784241346746,314.2828514693725
NBL-1032,2026-08-04/2026-08-10,2026-08-10,5.0,72.03466124210162,57.153586675731454,86.91573580847178
NBL-1033,2026-08-04/2026-08-10,2026-08-10,5.0,569.6844901851007,534.7493223159644,604.619658054237
NBL-1034,2026-08-04/2026-08-10,2026-08-10,5.0,603.856853027852,554.7543001313173,652.9594059243867
NBL-1035,2026-08-04/2026-08-10,2026-08-10,5.0,280.68533230140633,251.76404861180313,309.60661599100956
NBL-1036,2026-08-04/2026-08-10,2026-08-10,5.0,279.321053948544,252.52678591662928,306.11532198045865
NBL-1037,2026-08-04/2026-08-10,2026-08-10,5.0,181.45516161100957,163.69257036610637,199.21775285591278
NBL-1038,2026-08-04/2026-08-10,2026-08-10,5.0,124.32815325039218,104.18736179621354,144.46894470457082
NBL-1039,2026-08-04/2026-08-10,2026-08-10,5.0,202.02486133657942,179.26401381341316,224.78570885974568
NBL-1040,2026-08-04/2026-08-10,2026-08-10,5.0,329.0,307.4131009027968,350.5868990972032
NBL-1041,2026-08-04/2026-08-10,2026-08-10,5.0,539.0,511.35218443045784,566.6478155695422
NBL-1042,2026-08-04/2026-08-10,2026-08-10,5.0,96.0,81.14630302714335,110.85369697285665
NBL-1043,2026-08-04/2026-08-10,2026-08-10,5.0,55.0,46.520625080310694,63.479374919689306
NBL-1044,2026-08-04/2026-08-10,2026-08-10,5.0,316.0,294.16278552656325,337.83721447343675
NBL-1045,2026-08-04/2026-08-10,2026-08-10,5.0,202.0,178.92551050614253,225.07448949385747
NBL-1046,2026-08-04/2026-08-10,2026-08-10,5.0,138.0,119.17849100534788,156.82150899465213
NBL-1047,2026-08-04/2026-08-10,2026-08-10,5.0,555.0,514.4250869807221,595.5749130192779
NBL-1048,2026-08-04/2026-08-10,2026-08-10,5.0,435.0,403.99727654771823,466.00272345228177
NBL-1049,2026-08-04/2026-08-10,2026-08-10,5.0,315.0,279.8864607896315,350.1135392103685
NBL-1050,2026-08-04/2026-08-10,2026-08-10,5.0,94.0,82.9527471833545,105.0472528166455
NBL-1051,2026-08-04/2026-08-10,2026-08-10,5.0,235.0,209.9557343754752,260.04426562452477
NBL-1052,2026-08-04/2026-08-10,2026-08-10,5.0,596.783629497395,558.9700163010639,634.5972426937262
NBL-1053,2026-08-04/2026-08-10,2026-08-10,5.0,290.57525423817634,259.76756222060146,321.3829462557512
NBL-1054,2026-08-04/2026-08-10,2026-08-10,5.0,320.1938714582199,291.7303460112108,348.657396905229
NBL-1055,2026-08-04/2026-08-10,2026-08-10,5.0,245.8873342939054,216.98849822449034,274.7861703633205
NBL-1056,2026-08-04/2026-08-10,2026-08-10,5.0,58.87983422959787,48.1567614971994,69.60290696199634
NBL-1057,2026-08-04/2026-08-10,2026-08-10,5.0,179.11929031766294,162.3088898824775,195.9296907528484
NBL-1058,2026-08-04/2026-08-10,2026-08-10,5.0,167.2889435287483,141.28365381362977,193.2942332438668
NBL-1059,2026-08-04/2026-08-10,2026-08-10,5.0,175.37475205262746,157.13682879456877,193.61267531068614
NBL-1060,2026-08-04/2026-08-10,2026-08-10,5.0,302.2262222025812,267.77863686238663,336.67380754277576
NBL-1061,2026-08-04/2026-08-10,2026-08-10,5.0,275.8982799435215,252.39312300613457,299.4034368809085
NBL-1062,2026-08-04/2026-08-10,2026-08-10,5.0,237.0942374252732,215.11522573890335,259.07324911164307
NBL-1063,2026-08-04/2026-08-10,2026-08-10,5.0,538.1487852820121,506.5069617500747,569.7906088139495
NBL-1064,2026-08-04/2026-08-10,2026-08-10,5.0,30.56326822828329,22.57489683616069,38.55163962040589
NBL-1065,2026-08-04/2026-08-10,2026-08-10,5.0,80.09184760200043,66.70102402703148,93.48267117696938
NBL-1066,2026-08-04/2026-08-10,2026-08-10,5.0,240.94027479285464,213.83411859010715,268.0464309956021
NBL-1067,2026-08-04/2026-08-10,2026-08-10,5.0,8.17691936119753,5.923909191188102,10.429929531206959
NBL-1068,2026-08-04/2026-08-10,2026-08-10,5.0,44.26632952893577,30.543265747394834,57.98939331047671
NBL-1069,2026-08-04/2026-08-10,2026-08-10,5.0,289.77749772592375,259.99239457977444,319.56260087207306
NBL-1070,2026-08-04/2026-08-10,2026-08-10,5.0,176.3594488358735,155.0795318110361,197.6393658607109
NBL-1071,2026-08-04/2026-08-10,2026-08-10,5.0,153.65770338535555,134.45600711846805,172.85939965224304
NBL-1072,2026-08-04/2026-08-10,2026-08-10,5.0,36.20580995501756,28.403158362478084,44.00846154755703
NBL-1073,2026-08-04/2026-08-10,2026-08-10,5.0,258.50058015171004,227.131455596899,289.8697047065211
NBL-1074,2026-08-04/2026-08-10,2026-08-10,5.0,56.90186756728739,46.469316925264835,67.33441820930994
NBL-1075,2026-08-04/2026-08-10,2026-08-10,5.0,248.18289810832263,220.79203900812246,275.5737572085228
NBL-1076,2026-08-04/2026-08-10,2026-08-10,5.0,79.59015637114044,63.228353897273806,95.95195884500707
NBL-1077,2026-08-04/2026-08-10,2026-08-10,5.0,397.74990704375006,366.0549857963334,429.4448282911667
NBL-1078,2026-08-04/2026-08-10,2026-08-10,5.0,9.784865490490352,3.866530988396331,15.703199992584373
NBL-1079,2026-08-04/2026-08-10,2026-08-10,5.0,277.87495941957184,249.0805643413405,306.66935449780317
NBL-1080,2026-08-04/2026-08-10,2026-08-10,5.0,30.614584338183754,23.39821712024424,37.83095155612327
NBL-1081,2026-08-04/2026-08-10,2026-08-10,5.0,40.15227039238513,32.61992445996984,47.684616324800416
NBL-1082,2026-08-04/2026-08-10,2026-08-10,5.0,269.59107237754137,240.09141813930506,299.09072661577767
NBL-1083,2026-08-04/2026-08-10,2026-08-10,5.0,519.0744699563472,479.262985916677,558.8859539960174
NBL-1084,2026-08-04/2026-08-10,2026-08-10,5.0,67.39800729699044,54.17950910483849,80.6165054891424
NBL-1085,2026-08-04/2026-08-10,2026-08-10,5.0,76.35864006058587,61.187352174681486,91.52992794649026
NBL-1086,2026-08-04/2026-08-10,2026-08-10,5.0,336.0968630456215,298.3057685637521,373.88795752749087
NBL-1087,2026-08-04/2026-08-10,2026-08-10,5.0,718.3247209016434,681.8957145718967,754.7537272313901
NBL-1088,2026-08-04/2026-08-10,2026-08-10,5.0,42.72213826325727,32.159288422238355,53.28498810427619
NBL-1089,2026-08-04/2026-08-10,2026-08-10,5.0,123.11878058314419,103.11435012632293,143.12321103996544
NBL-1090,2026-08-04/2026-08-10,2026-08-10,5.0,41.86365693288383,30.29149584200944,53.435818023758216
NBL-1091,2026-08-04/2026-08-10,2026-08-10,5.0,207.45184539340522,187.4778415073697,227.42584927944074
NBL-1092,2026-08-04/2026-08-10,2026-08-10,5.0,76.959422586936,63.045754400345345,90.87309077352666
NBL-1093,2026-08-04/2026-08-10,2026-08-10,5.0,268.4175937888058,238.02098896337856,298.814198614233
NBL-1094,2026-08-04/2026-08-10,2026-08-10,5.0,36.952364872981406,26.976975210840184,46.92775453512263
NBL-1095,2026-08-04/2026-08-10,2026-08-10,5.0,610.974178185257,571.464595067942,650.4837613025719
NBL-1096,2026-08-04/2026-08-10,2026-08-10,5.0,491.0276929735884,456.2225795280177,525.832806419159
NBL-1097,2026-08-04/2026-08-10,2026-08-10,5.0,564.8695162614559,537.5231856548822,592.2158468680296
NBL-1098,2026-08-04/2026-08-10,2026-08-10,5.0,176.25497575899874,158.37722130830366,194.13273020969382
NBL-1099,2026-08-04/2026-08-10,2026-08-10,5.0,33.061075479169475,22.87058157328193,43.25156938505702
NBL-1100,2026-08-04/2026-08-10,2026-08-10,5.0,170.3530258631836,152.15744022906043,188.54861149730678
NBL-1101,2026-08-04/2026-08-10,2026-08-10,5.0,163.43370772704958,146.754411624786,180.11300382931316
NBL-1102,2026-08-04/2026-08-10,2026-08-10,5.0,665.9524784849865,630.2765731607458,701.6283838092272
NBL-1103,2026-08-04/2026-08-10,2026-08-10,5.0,144.64334287590043,125.3124032828724,163.97428246892846
NBL-1104,2026-08-04/2026-08-10,2026-08-10,5.0,43.1022860259954,32.39776448288173,53.80680756910906
NBL-1105,2026-08-04/2026-08-10,2026-08-10,5.0,364.36336660232087,335.6789603547078,393.04777284993395
NBL-1106,2026-08-04/2026-08-10,2026-08-10,5.0,92.16027085088842,75.71953839460329,108.60100330717356
NBL-1107,2026-08-04/2026-08-10,2026-08-10,5.0,58.28273777025472,51.120384864395966,65.44509067611348
NBL-1108,2026-08-04/2026-08-10,2026-08-10,5.0,249.18374373111354,220.53348317134547,277.8340042908816
NBL-1109,2026-08-04/2026-08-10,2026-08-10,5.0,159.08473504411015,137.70786769855164,180.46160238966866
NBL-1110,2026-08-04/2026-08-10,2026-08-10,5.0,712.9720360331962,675.2502948816128,750.6937771847796
NBL-1111,2026-08-04/2026-08-10,2026-08-10,5.0,273.2190173009624,236.93322780475071,309.50480679717407
NBL-1112,2026-08-04/2026-08-10,2026-08-10,5.0,376.69557453385914,342.59800482137996,410.79314424633833
NBL-1113,2026-08-04/2026-08-10,2026-08-10,5.0,365.86955891326204,328.8023750229108,402.9367428036133
NBL-1114,2026-08-04/2026-08-10,2026-08-10,5.0,280.4815088298601,252.82341268303193,308.1396049766883
NBL-1115,2026-08-04/2026-08-10,2026-08-10,5.0,643.0794426806916,609.8579598111944,676.3009255501888
NBL-1116,2026-08-04/2026-08-10,2026-08-10,5.0,583.1049179374227,555.7284640596712,610.4813718151742
NBL-1117,2026-08-04/2026-08-10,2026-08-10,5.0,657.7330250309255,622.9463023094804,692.5197477523707
NBL-1118,2026-08-04/2026-08-10,2026-08-10,5.0,595.0868476400786,561.9161198448508,628.2575754353065
NBL-1119,2026-08-04/2026-08-10,2026-08-10,5.0,497.49587143393506,467.0208500064319,527.9708928614383
NBL-1120,2026-08-04/2026-08-10,2026-08-10,5.0,669.0290589528837,630.1730828673744,707.885035038393
NBL-1121,2026-08-04/2026-08-10,2026-08-10,5.0,239.349396598286,215.72137800173272,262.9774151948393
NBL-1122,2026-08-04/2026-08-10,2026-08-10,5.0,268.94565317623426,235.33724879823845,302.5540575542301
NBL-1123,2026-08-04/2026-08-10,2026-08-10,5.0,151.10393964160124,132.43025614176392,169.77762314143857
NBL-1124,2026-08-04/2026-08-10,2026-08-10,5.0,272.2140022477943,248.67139371679175,295.75661077879687
NBL-1125,2026-08-04/2026-08-10,2026-08-10,5.0,294.7981559470757,264.30262207949676,325.29368981465467
NBL-1126,2026-08-04/2026-08-10,2026-08-10,5.0,228.24743972769375,204.70779936966304,251.78708008572445
NBL-1127,2026-08-04/2026-08-10,2026-08-10,5.0,222.20097726376258,198.5135408446904,245.88841368283477
NBL-1128,2026-08-04/2026-08-10,2026-08-10,5.0,720.9975530792824,688.7903108068164,753.2047953517484
NBL-1129,2026-08-04/2026-08-10,2026-08-10,5.0,7.690229816305513,5.138808968535844,10.241650664075184
NBL-1130,2026-08-04/2026-08-10,2026-08-10,5.0,76.0165310658937,60.12376825721174,91.90929387457567
NBL-1131,2026-08-04/2026-08-10,2026-08-10,5.0,34.92896719147146,23.065451278524712,46.7924831044182
NBL-1132,2026-08-04/2026-08-10,2026-08-10,5.0,64.66141465672077,52.619117190230554,76.70371212321098
NBL-1133,2026-08-04/2026-08-10,2026-08-10,5.0,609.7208274772655,576.0744488558173,643.3672060987137
NBL-1134,2026-08-04/2026-08-10,2026-08-10,5.0,214.05579914431567,190.27799901972637,237.83359926890498
NBL-1135,2026-08-04/2026-08-10,2026-08-10,5.0,252.775456769514,226.5729499834438,278.97796355558415
NBL-1136,2026-08-04/2026-08-10,2026-08-10,5.0,275.8129947423431,245.10554020478392,306.52044927990227
NBL-1137,2026-08-04/2026-08-10,2026-08-10,5.0,219.7670715996751,195.44457742698302,244.08956577236717
NBL-1138,2026-08-04/2026-08-10,2026-08-10,5.0,189.47709759587354,167.89690465120626,211.05729054054083
NBL-1139,2026-08-04/2026-08-10,2026-08-10,5.0,578.7663416427698,542.8205795463047,614.712103739235
NBL-1140,2026-08-04/2026-08-10,2026-08-10,5.0,199.78680148319344,170.0066205666378,229.5669823997491
NBL-1141,2026-08-04/2026-08-10,2026-08-10,5.0,662.7817852425139,623.961658047205,701.6019124378229
NBL-1142,2026-08-04/2026-08-10,2026-08-10,5.0,13.991448358411862,7.888731216190522,20.094165500633203
NBL-1143,2026-08-04/2026-08-10,2026-08-10,5.0,124.01393077764918,109.73722113723083,138.2906404180675
NBL-1144,2026-08-04/2026-08-10,2026-08-10,5.0,65.63639884247775,52.553905342681084,78.71889234227442
NBL-1145,2026-08-04/2026-08-10,2026-08-10,5.0,391.64540768979583,362.4786569742221,420.8121584053696
NBL-1146,2026-08-04/2026-08-10,2026-08-10,5.0,120.21114299407475,98.46938843804665,141.95289755010285
NBL-1147,2026-08-04/2026-08-10,2026-08-10,5.0,217.15026920522865,188.3151705331445,245.9853678773128
NBL-1148,2026-08-04/2026-08-10,2026-08-10,5.0,174.63098949729445,153.7475552494856,195.5144237451033
NBL-1149,2026-08-04/2026-08-10,2026-08-10,5.0,574.3041416025701,543.236259338858,605.3720238662822
NBL-1000,2026-08-11/2026-08-17,2026-08-17,6.0,386.469982579662,350.57201513710055,422.3679500222234
NBL-1001,2026-08-11/2026-08-17,2026-08-17,6.0,239.6251656725354,215.47074182188058,263.77958952319017
NBL-1002,2026-08-11/2026-08-17,2026-08-17,6.0,743.2160008506623,710.7315096011923,775.7004921001324
NBL-1003,2026-08-11/2026-08-17,2026-08-17,6.0,222.18708754471444,196.3520461864711,248.02212890295777
NBL-1004,2026-08-11/2026-08-17,2026-08-17,6.0,377.49344238689275,340.3959635402197,414.5909212335658
NBL-1005,2026-08-11/2026-08-17,2026-08-17,6.0,9.348617649450997,1.7604133648058857,16.93682193409611
NBL-1006,2026-08-11/2026-08-17,2026-08-17,6.0,275.60492980348823,249.067314442184,302.14254516479247
NBL-1007,2026-08-11/2026-08-17,2026-08-17,6.0,317.87756562008275,285.6297714934999,350.1253597466656
NBL-1008,2026-08-11/2026-08-17,2026-08-17,6.0,134.98658693519843,117.49421717413388,152.478956696263
NBL-1009,2026-08-11/2026-08-17,2026-08-17,6.0,124.70711145510765,104.01043541745456,145.40378749276073
NBL-1010,2026-08-11/2026-08-17,2026-08-17,6.0,279.4258296548796,247.96363656340412,310.88802274635503
NBL-1011,2026-08-11/2026-08-17,2026-08-17,6.0,197.95902106774994,179.21508842222778,216.7029537132721
NBL-1012,2026-08-11/2026-08-17,2026-08-17,6.0,125.46645117187019,110.25546333274298,140.6774390109974
NBL-1013,2026-08-11/2026-08-17,2026-08-17,6.0,37.05391220807476,28.9941915210451,45.11363289510443
NBL-1014,2026-08-11/2026-08-17,2026-08-17,6.0,171.1614385718568,146.92405388170707,195.39882326200652
NBL-1015,2026-08-11/2026-08-17,2026-08-17,6.0,86.5807787895068,72.77431040547769,100.3872471735359
NBL-1016,2026-08-11/2026-08-17,2026-08-17,6.0,75.34906885631658,62.251394053690625,88.44674365894252
NBL-1017,2026-08-11/2026-08-17,2026-08-17,6.0,119.54778576075375,103.3069459141802,135.7886256073273
NBL-1018,2026-08-11/2026-08-17,2026-08-17,6.0,330.9349861585257,298.7304156312707,363.1395566857807
NBL-1019,2026-08-11/2026-08-17,2026-08-17,6.0,59.45647441502216,44.46590761425291,74.4470412157914
NBL-1020,2026-08-11/2026-08-17,2026-08-17,6.0,545.5370921560207,515.4740866191547,575.6000976928866
NBL-1021,2026-08-11/2026-08-17,2026-08-17,6.0,545.7117807918888,514.6945953921785,576.7289661915992
NBL-1022,2026-08-11/2026-08-17,2026-08-17,6.0,576.5978173210418,530.1293895897882,623.0662450522955
NBL-1023,2026-08-11/2026-08-17,2026-08-17,6.0,205.33741017493966,181.55631503189613,229.1185053179832
NBL-1024,2026-08-11/2026-08-17,2026-08-17,6.0,436.9212437248325,413.6121681937896,460.2303192558754
NBL-1025,2026-08-11/2026-08-17,2026-08-17,6.0,531.8042920121899,494.30799749028915,569.3005865340906
NBL-1026,2026-08-11/2026-08-17,2026-08-17,6.0,244.19565520647353,221.2843582181871,267.10695219475997
NBL-1027,2026-08-11/2026-08-17,2026-08-17,6.0,81.89905172234502,68.9954297056155,94.80267373907454
NBL-1028,2026-08-11/2026-08-17,2026-08-17,6.0,134.89732787477175,116.39237012929432,153.4022856202492
NBL-1029,2026-08-11/2026-08-17,2026-08-17,6.0,165.2286959563137,142.75857050887544,187.69882140375194
NBL-1030,2026-08-11/2026-08-17,2026-08-17,6.0,268.2490922125502,242.08324081846052,294.41494360663984
NBL-1031,2026-08-11/2026-08-17,2026-08-17,6.0,288.5031306623716,264.06062613441907,312.9456351903241
NBL-1032,2026-08-11/2026-08-17,2026-08-17,6.0,70.17088008352661,55.289805517156445,85.05195464989677
NBL-1033,2026-08-11/2026-08-17,2026-08-17,6.0,558.5869599851385,523.6517921160022,593.5221278542748
NBL-1034,2026-08-11/2026-08-17,2026-08-17,6.0,573.7786938694037,524.676140972869,622.8812467659384
NBL-1035,2026-08-11/2026-08-17,2026-08-17,6.0,267.0970049777769,238.17572128817372,296.01828866738015
NBL-1036,2026-08-11/2026-08-17,2026-08-17,6.0,276.4103800972081,249.61611206529338,303.20464812912275
NBL-1037,2026-08-11/2026-08-17,2026-08-17,6.0,181.16655550973974,163.40396426483653,198.92914675464294
NBL-1038,2026-08-11/2026-08-17,2026-08-17,6.0,123.11916645974078,102.97837500556214,143.2599579139194
NBL-1039,2026-08-11/2026-08-17,2026-08-17,6.0,224.0,201.23915247683374,246.76084752316626
NBL-1040,2026-08-11/2026-08-17,2026-08-17,6.0,308.0,286.4131009027968,329.5868990972032
NBL-1041,2026-08-11/2026-08-17,2026-08-17,6.0,549.0,521.3521844304578,576.6478155695422
NBL-1042,2026-08-11/2026-08-17,2026-08-17,6.0,115.0,100.14630302714335,129.85369697285665
NBL-1043,2026-08-11/2026-08-17,2026-08-17,6.0,45.0,36.520625080310694,53.479374919689306
NBL-1044,2026-08-11/2026-08-17,2026-08-17,6.0,299.0,277.16278552656325,320.83721447343675
NBL-1045,2026-08-11/2026-08-17,2026-08-17,6.0,164.0,140.92551050614253,187.07448949385747
NBL-1046,2026-08-11/2026-08-17,2026-08-17,6.0,119.0,100.17849100534788,137.82150899465213
NBL-1047,2026-08-11/2026-08-17,2026-08-17,6.0,467.0,426.4250869807221,507.5749130192779
NBL-1048,2026-08-11/2026-08-17,2026-08-17,6.0,420.0,388.99727654771823,451.00272345228177
NBL-1049,2026-08-11/2026-08-17,2026-08-17,6.0,356.0,320.8864607896315,391.1135392103685
NBL-1050,2026-08-11/2026-08-17,2026-08-17,6.0,105.0,93.9527471833545,116.0472528166455
NBL-1051,2026-08-11/2026-08-17,2026-08-17,6.0,213.86731060894098,188.82304498441619,238.91157623346578
NBL-1052,2026-08-11/2026-08-17,2026-08-17,6.0,567.3120748113195,529.4984616149883,605.1256880076506
NBL-1053,2026-08-11/2026-08-17,2026-08-17,6.0,270.49451843122057,239.6868264136457,301.30221044879545
NBL-1054,2026-08-11/2026-08-17,2026-08-17,6.0,292.3585135114929,263.8949880644838,320.822038958502
NBL-1055,2026-08-11/2026-08-17,2026-08-17,6.0,248.4542049928154,219.55536892340032,277.35304106223043
NBL-1056,2026-08-11/2026-08-17,2026-08-17,6.0,57.23055872492786,46.50748599252939,67.95363145732632
NBL-1057,2026-08-11/2026-08-17,2026-08-17,6.0,168.01753093569315,151.20713050050773,184.82793137087856
NBL-1058,2026-08-11/2026-08-17,2026-08-17,6.0,164.15128547777562,138.1459957626571,190.15657519289414
NBL-1059,2026-08-11/2026-08-17,2026-08-17,6.0,172.8778118787873,154.6398886207286,191.11573513684598
NBL-1060,2026-08-11/2026-08-17,2026-08-17,6.0,302.0951617562804,267.6475764160858,336.54274709647495
NBL-1061,2026-08-11/2026-08-17,2026-08-17,6.0,267.91057948087393,244.405422543487,291.4157364182609
NBL-1062,2026-08-11/2026-08-17,2026-08-17,6.0,233.18019898807083,211.201187301701,255.15921067444066
NBL-1063,2026-08-11/2026-08-17,2026-08-17,6.0,543.6024110024254,511.96058747048795,575.2442345343627
NBL-1064,2026-08-11/2026-08-17,2026-08-17,6.0,29.184673605850296,21.196302213727698,37.173044997972895
NBL-1065,2026-08-11/2026-08-17,2026-08-17,6.0,80.89851572943638,67.50769215446743,94.28933930440533
NBL-1066,2026-08-11/2026-08-17,2026-08-17,6.0,241.42318388100261,214.31702767825516,268.52934008375007
NBL-1067,2026-08-11/2026-08-17,2026-08-17,6.0,8.064686330199233,5.811676160189805,10.317696500208662
NBL-1068,2026-08-11/2026-08-17,2026-08-17,6.0,45.9247854062086,32.20172162466766,59.647849187749536
NBL-1069,2026-08-11/2026-08-17,2026-08-17,6.0,288.5876332709396,258.8025301247903,318.3727364170889
NBL-1070,2026-08-11/2026-08-17,2026-08-17,6.0,175.35380499976364,154.07388797492624,196.63372202460104
NBL-1071,2026-08-11/2026-08-17,2026-08-17,6.0,152.76701436187307,133.56531809498557,171.96871062876056
NBL-1072,2026-08-11/2026-08-17,2026-08-17,6.0,34.06936060744449,26.266709014905015,41.87201219998396
NBL-1073,2026-08-11/2026-08-17,2026-08-17,6.0,250.7258736899352,219.35674913512418,282.09499824474625
NBL-1074,2026-08-11/2026-08-17,2026-08-17,6.0,59.21862911333692,48.786078471314354,69.65117975535948
NBL-1075,2026-08-11/2026-08-17,2026-08-17,6.0,246.25718667553804,218.86632757533786,273.6480457757382
NBL-1076,2026-08-11/2026-08-17,2026-08-17,6.0,71.66014405436162,55.29834158049499,88.02194652822826
NBL-1077,2026-08-11/2026-08-17,2026-08-17,6.0,378.4834948026369,346.7885735552203,410.17841605005356
NBL-1078,2026-08-11/2026-08-17,2026-08-17,6.0,10.178635828808456,4.260301326714435,16.09697033090248
NBL-1079,2026-08-11/2026-08-17,2026-08-17,6.0,275.32006430317614,246.5256692249448,304.11445938140747
NBL-1080,2026-08-11/2026-08-17,2026-08-17,6.0,31.866451981755343,24.65008476381583,39.08281919969485
NBL-1081,2026-08-11/2026-08-17,2026-08-17,6.0,36.839416611082385,29.307070678667095,44.371762543497674
NBL-1082,2026-08-11/2026-08-17,2026-08-17,6.0,278.72810338869965,249.22844915046335,308.22775762693595
NBL-1083,2026-08-11/2026-08-17,2026-08-17,6.0,529.3742471407758,489.56276310110553,569.1857311804459
NBL-1084,2026-08-11/2026-08-17,2026-08-17,6.0,68.0304140023357,54.81191581018375,81.24891219448766
NBL-1085,2026-08-11/2026-08-17,2026-08-17,6.0,70.82991106939227,55.65862318348788,86.00119895529666
NBL-1086,2026-08-11/2026-08-17,2026-08-17,6.0,326.25509151605473,288.46399703418535,364.0461859979241
NBL-1087,2026-08-11/2026-08-17,2026-08-17,6.0,640.9563924693434,604.5273861395967,677.3853987990901
NBL-1088,2026-08-11/2026-08-17,2026-08-17,6.0,39.22195094516689,28.65910110414797,49.784800786185805
NBL-1089,2026-08-11/2026-08-17,2026-08-17,6.0,124.70450215494131,104.70007169812007,144.70893261176255
NBL-1090,2026-08-11/2026-08-17,2026-08-17,6.0,36.427755637709716,24.855594546835327,47.999916728584104
NBL-1091,2026-08-11/2026-08-17,2026-08-17,6.0,202.83504876128075,182.86104487524523,222.80905264731626
NBL-1092,2026-08-11/2026-08-17,2026-08-17,6.0,79.01524149274063,65.10157330614997,92.92890967933128
NBL-1093,2026-08-11/2026-08-17,2026-08-17,6.0,270.26552829589326,239.86892347046603,300.6621331213205
NBL-1094,2026-08-11/2026-08-17,2026-08-17,6.0,36.37651692170421,26.401127259562987,46.351906583845434
NBL-1095,2026-08-11/2026-08-17,2026-08-17,6.0,507.2994394113776,467.7898562940627,546.8090225286925
NBL-1096,2026-08-11/2026-08-17,2026-08-17,6.0,476.89959323459897,442.0944797890283,511.70470668016964
NBL-1097,2026-08-11/2026-08-17,2026-08-17,6.0,595.1273350817754,567.7810044752017,622.4736656883491
NBL-1098,2026-08-11/2026-08-17,2026-08-17,6.0,175.83053551239615,157.95278106170107,193.70828996309123
NBL-1099,2026-08-11/2026-08-17,2026-08-17,6.0,36.162044578158245,25.971550672270702,46.35253848404579
NBL-1100,2026-08-11/2026-08-17,2026-08-17,6.0,169.04691304942648,150.8513274153033,187.24249868354966
NBL-1101,2026-08-11/2026-08-17,2026-08-17,6.0,161.44647407577853,144.76717797351495,178.1257701780421
NBL-1102,2026-08-11/2026-08-17,2026-08-17,6.0,659.8929520653489,624.2170467411082,695.5688573895897
NBL-1103,2026-08-11/2026-08-17,2026-08-17,6.0,135.7060290969184,116.37508950389036,155.03696868994643
NBL-1104,2026-08-11/2026-08-17,2026-08-17,6.0,41.19097856162427,30.486457018510606,51.895500104737934
NBL-1105,2026-08-11/2026-08-17,2026-08-17,6.0,354.4652300039934,325.7808237563803,383.14963625160647
NBL-1106,2026-08-11/2026-08-17,2026-08-17,6.0,87.93533344346245,71.49460098717734,104.37606589974757
NBL-1107,2026-08-11/2026-08-17,2026-08-17,6.0,55.65453700780906,48.49218410195031,62.816889913667815
NBL-1108,2026-08-11/2026-08-17,2026-08-17,6.0,253.457508111484,224.80724755171593,282.1077686712521
NBL-1109,2026-08-11/2026-08-17,2026-08-17,6.0,159.54876595484353,138.171898609285,180.92563330040207
NBL-1110,2026-08-11/2026-08-17,2026-08-17,6.0,676.9681973381741,639.2464561865908,714.6899384897575
NBL-1111,2026-08-11/2026-08-17,2026-08-17,6.0,267.0674119915983,230.78162249538664,303.35320148781
NBL-1112,2026-08-11/2026-08-17,2026-08-17,6.0,349.8864548244843,315.7888851120051,383.9840245369635
NBL-1113,2026-08-11/2026-08-17,2026-08-17,6.0,380.16882173574885,343.1016378453976,417.2360056261001
NBL-1114,2026-08-11/2026-08-17,2026-08-17,6.0,278.6705462159677,251.01245006913953,306.3286423627959
NBL-1115,2026-08-11/2026-08-17,2026-08-17,6.0,616.764605755068,583.5431228855708,649.9860886245652
NBL-1116,2026-08-11/2026-08-17,2026-08-17,6.0,627.6254359153603,600.2489820376088,655.0018897931118
NBL-1117,2026-08-11/2026-08-17,2026-08-17,6.0,658.1688165807882,623.3820938593431,692.9555393022333
NBL-1118,2026-08-11/2026-08-17,2026-08-17,6.0,546.5538381099916,513.3831103147637,579.7245659052195
NBL-1119,2026-08-11/2026-08-17,2026-08-17,6.0,487.6190109060072,457.143989478504,518.0940323335104
NBL-1120,2026-08-11/2026-08-17,2026-08-17,6.0,637.0366918519115,598.1807157664023,675.8926679374208
NBL-1121,2026-08-11/2026-08-17,2026-08-17,6.0,237.38012533022376,213.75210673367047,261.00814392677705
NBL-1122,2026-08-11/2026-08-17,2026-08-17,6.0,269.730678181427,236.12227380343117,303.33908255942276
NBL-1123,2026-08-11/2026-08-17,2026-08-17,6.0,150.15298219749624,131.47929869765892,168.82666569733357
NBL-1124,2026-08-11/2026-08-17,2026-08-17,6.0,274.72772770613864,251.18511917513607,298.2703362371412
NBL-1125,2026-08-11/2026-08-17,2026-08-17,6.0,295.42202110785746,264.9264872402785,325.9175549754364
NBL-1126,2026-08-11/2026-08-17,2026-08-17,6.0,227.43817561537392,203.8985352573432,250.97781597340463
NBL-1127,2026-08-11/2026-08-17,2026-08-17,6.0,225.28813691591347,201.60070049684128,248.97557333498565
NBL-1128,2026-08-11/2026-08-17,2026-08-17,6.0,663.3749861759617,631.1677439034956,695.5822284484277
NBL-1129,2026-08-11/2026-08-17,2026-08-17,6.0,6.6690862342186366,4.117665386448967,9.220507081988305
NBL-1130,2026-08-11/2026-08-17,2026-08-17,6.0,71.92965671235854,56.03689390367657,87.8224195210405
NBL-1131,2026-08-11/2026-08-17,2026-08-17,6.0,35.289156063082395,23.42564015013565,47.15267197602914
NBL-1132,2026-08-11/2026-08-17,2026-08-17,6.0,63.162921579514446,51.120624113024235,75.20521904600466
NBL-1133,2026-08-11/2026-08-17,2026-08-17,6.0,598.2470610884841,564.6006824670359,631.8934397099323
NBL-1134,2026-08-11/2026-08-17,2026-08-17,6.0,214.31136952773733,190.53356940314802,238.08916965232663
NBL-1135,2026-08-11/2026-08-17,2026-08-17,6.0,242.90588859529458,216.7033818092244,269.10839538136474
NBL-1136,2026-08-11/2026-08-17,2026-08-17,6.0,275.05814308605034,244.35068854849115,305.7655976236095
NBL-1137,2026-08-11/2026-08-17,2026-08-17,6.0,222.01982715281633,197.69733298012426,246.3423213255084
NBL-1138,2026-08-11/2026-08-17,2026-08-17,6.0,180.35214518832447,158.77195224365718,201.93233813299176
NBL-1139,2026-08-11/2026-08-17,2026-08-17,6.0,564.6236688602945,528.6779067638294,600.5694309567597
NBL-1140,2026-08-11/2026-08-17,2026-08-17,6.0,198.95543555587997,169.17525463932432,228.73561647243562
NBL-1141,2026-08-11/2026-08-17,2026-08-17,6.0,650.6555631746647,611.8354359793558,689.4756903699737
NBL-1142,2026-08-11/2026-08-17,2026-08-17,6.0,12.192562127069888,6.089844984848548,18.29527926929123
NBL-1143,2026-08-11/2026-08-17,2026-08-17,6.0,121.24074691177447,106.96403727135612,135.5174565521928
NBL-1144,2026-08-11/2026-08-17,2026-08-17,6.0,59.91268328955703,46.83018978976037,72.99517678935369
NBL-1145,2026-08-11/2026-08-17,2026-08-17,6.0,378.3059134687463,349.13916275317257,407.4726641843201
NBL-1146,2026-08-11/2026-08-17,2026-08-17,6.0,116.37645743721842,94.63470288119032,138.11821199324652
NBL-1147,2026-08-11/2026-08-17,2026-08-17,6.0,227.80572366501434,198.9706249929302,256.6408223370985
NBL-1148,2026-08-11/2026-08-17,2026-08-17,6.0,174.22748729437376,153.3440530465649,195.1109215421826
NBL-1149,2026-08-11/2026-08-17,2026-08-17,6.0,624.507386215756,593.4395039520439,655.5752684794681
