sku_id,on_hand_units,on_order_units,lead_time_days,reorder_point,category,subcategory,unit_cost,list_price,forecast_units_fwd,safety_stock,reorder_point_calc,stockout_risk,overstock_risk,eoq,inventory_turnover,days_of_inventory,sales_at_risk_rupees,capital_locked_rupees,revenue_at_stake_rupees,risk_quadrant,recommended_action,priority_score,reorder_qty,recommendation_details
NBL-1148,127.0,0.0,7,110.0,Decor,Lighting,157.09,280.02,1144.6212308475585,77.95003836827895,279.07411832978283,0.5449237616154585,0.0,710.0,1.952755905511811,4.828241683638833,6003.665599689004,0.0,6003.665599689004,Reorder Now,Raise a replenishment order before stock runs out.,2.0589883445679895,710.0,"Replenish NBL-1148 immediately. Recommended order size: 710 units (EOQ: 710). Delay puts ₹6,003.67 in sales at risk."
NBL-1074,292.0,0.0,14,166.0,Small Appliances,Kettles,74.24,194.75,361.2519897578234,27.925973776173283,153.2613825232274,0.0,0.0,663.0,0.40217391304347827,7.225806451612903,0.0,0.0,0.0,Healthy,No action needed; leave as is.,0.0,0.0,Healthy inventory levels. No action required. On hand covers forward demand and safety stock is within limits.
NBL-1146,728.0,0.0,14,364.0,Small Appliances,Air Purifiers,176.87,458.55,730.5229056103568,83.33151327536245,336.1474470703252,0.0,0.0,655.0,0.27601809954751133,17.272854152128403,0.0,0.0,0.0,Healthy,No action needed; leave as is.,0.0,0.0,Healthy inventory levels. No action required. On hand covers forward demand and safety stock is within limits.
NBL-1050,139.0,0.0,7,102.0,Small Appliances,Kettles,124.56,223.58,603.0,18.545839357931367,108.54583935793137,0.0,0.0,609.0,0.7378640776699029,4.241176470588235,0.0,0.0,0.0,Healthy,No action needed; leave as is.,0.0,0.0,Healthy inventory levels. No action required. On hand covers forward demand and safety stock is within limits.
NBL-1049,380.0,0.0,14,329.0,Decor,Rugs,94.13,172.28,1947.0,140.57866917170244,808.5786691717025,0.5300395440937528,0.0,1213.0,0.0,0.0,2115.444882435194,0.0,2115.444882435194,Reorder Now,Raise a replenishment order before stock runs out.,1.7627031984151234,1213.0,"Replenish NBL-1049 immediately. Recommended order size: 1,213 units (EOQ: 1,213). Delay puts ₹2,115.44 in sales at risk."
NBL-1048,338.0,1166.0,21,1011.0,Furnishings,Tables,41.79,87.61,2670.0,203.20981781681425,1601.2098178168142,0.06071023093610298,0.0,2117.0,0.548051948051948,34.11392405063291,0.0,0.0,0.0,Healthy,No action needed; leave as is.,0.0,0.0,Healthy inventory levels. No action required. On hand covers forward demand and safety stock is within limits.
NBL-1047,545.0,0.0,14,473.0,Small Appliances,Kettles,34.36,64.83,3123.0,283.90784507363844,1291.9078450736383,0.578143284694633,0.0,2612.0,0.0,0.0,43345.27691883101,0.0,43345.27691883101,Reorder Now,Raise a replenishment order before stock runs out.,2.680822545296393,2612.0,"Replenish NBL-1047 immediately. Recommended order size: 2,612 units (EOQ: 2,612). Delay puts ₹43,345.28 in sales at risk."
NBL-1046,0.0,146.0,10,127.0,Decor,Lighting,169.13,335.82,796.0,32.90706175549018,288.9070617554902,0.4946471743789921,0.0,650.0,1.1162790697674418,5.897142857142857,0.0,0.0,0.0,Healthy,No action needed; leave as is.,0.0,0.0,Healthy inventory levels. No action required. On hand covers forward demand and safety stock is within limits.
NBL-1045,876.0,0.0,28,550.0,Furnishings,Storage,72.27,126.56,1134.0,123.77744356176527,891.7774435617653,0.01769213123259773,0.0,981.0,0.3423180592991914,16.891056910569105,0.0,0.0,0.0,Healthy,No action needed; leave as is.,0.0,0.0,Healthy inventory levels. No action required. On hand covers forward demand and safety stock is within limits.
NBL-1051,30.0,267.0,10,232.0,Furnishings,Sofas,107.95,207.23,1353.867310608941,44.90552070652431,494.9055207065243,0.39988545778191265,0.0,1053.0,0.9076305220883534,11.364303178484109,0.0,0.0,0.0,Healthy,No action needed; leave as is.,0.0,0.0,Healthy inventory levels. No action required. On hand covers forward demand and safety stock is within limits.
NBL-1044,859.0,0.0,28,744.0,Small Appliances,Heaters,97.24,204.74,1829.0,145.39635418236526,1359.3963541823653,0.3681018803992145,0.0,1294.0,0.0,0.0,0.0,0.0,0.0,Healthy,No action needed; leave as is.,0.0,0.0,Healthy inventory levels. No action required. On hand covers forward demand and safety stock is within limits.
NBL-1042,73.0,0.0,7,63.0,Furnishings,Storage,169.0,314.91,673.2778429293124,28.45526197459011,145.23575462238878,0.49736894892170924,0.0,580.0,1.8904109589041096,3.4123539232053424,0.0,0.0,0.0,Healthy,No action needed; leave as is.,0.0,0.0,Healthy inventory levels. No action required. On hand covers forward demand and safety stock is within limits.
NBL-1041,764.0,0.0,14,662.0,Small Appliances,Heaters,171.9,355.05,3564.8932385988996,170.1806671740556,1448.0456449487483,0.4723923222551173,0.0,1315.0,7.223404255319149,4.476190476190476,0.0,0.0,0.0,Healthy,No action needed; leave as is.,0.0,0.0,Healthy inventory levels. No action required. On hand covers forward demand and safety stock is within limits.
NBL-1040,638.0,782.0,21,677.0,Decor,Wall Art,71.8,210.21,1573.936840641763,161.55630913216643,861.1733452096319,0.0,0.0,1256.0,0.26107226107226106,41.780869565217394,0.0,0.0,0.0,Healthy,No action needed; leave as is.,0.0,0.0,Healthy inventory levels. No action required. On hand covers forward demand and safety stock is within limits.
NBL-1039,50.0,290.0,10,251.0,Furnishings,Chairs,165.55,325.86,1290.7954284033124,63.48440603357418,508.4948310924123,0.33135996826247105,0.0,811.0,0.8527131782945736,13.075113122171945,0.0,0.0,0.0,Healthy,No action needed; leave as is.,0.0,0.0,Healthy inventory levels. No action required. On hand covers forward demand and safety stock is within limits.
NBL-1038,116.0,210.0,10,182.0,Small Appliances,Air Purifiers,121.42,335.51,767.0844056345883,61.253340451280025,321.5391053516747,0.0,0.0,704.0,0.5354330708661418,14.027613412228796,0.0,0.0,0.0,Healthy,No action needed; leave as is.,0.0,0.0,Healthy inventory levels. No action required. On hand covers forward demand and safety stock is within limits.
NBL-1037,417.0,0.0,28,361.0,Decor,Wall Art,32.12,79.87,1112.1646125018099,71.670889111963,821.2137844930235,0.4922150506065421,0.0,1593.0,0.0,0.0,0.0,0.0,0.0,Healthy,No action needed; leave as is.,0.0,0.0,Healthy inventory levels. No action required. On hand covers forward demand and safety stock is within limits.
NBL-1043,353.0,0.0,28,190.0,Decor,Rugs,161.37,451.48,321.5120696050118,29.097290988288638,250.60936059330044,0.0,0.08920093596313941,380.0,0.2215909090909091,10.95111111111111,0.0,0.0,0.0,Healthy,No action needed; leave as is.,0.0,0.0,Healthy inventory levels. No action required. On hand covers forward demand and safety stock is within limits.
NBL-1052,366.0,0.0,7,317.0,Decor,Lighting,135.11,244.51,3470.0957043087146,166.35219913064722,719.3521991306473,0.49120889538904733,0.0,1388.0,1.7377049180327868,24.028135990621337,0.0,0.0,0.0,Healthy,No action needed; leave as is.,0.0,0.0,Healthy inventory levels. No action required. On hand covers forward demand and safety stock is within limits.
NBL-1053,207.0,0.0,7,180.0,Small Appliances,Air Purifiers,76.38,158.99,1741.2325352311013,87.02680121580406,391.0268012158041,0.4706245214998483,0.0,1321.0,1.7053140096618358,14.293464858199753,0.0,0.0,0.0,Healthy,No action needed; leave as is.,0.0,0.0,Healthy inventory levels. No action required. On hand covers forward demand and safety stock is within limits.
NBL-1054,863.0,1111.0,21,963.0,Furnishings,Tables,172.37,354.79,2124.2239464225527,152.06103795301058,1322.5940933785637,0.0,0.0,928.0,0.31105807478122516,93.23443708609271,0.0,0.0,0.0,Healthy,No action needed; leave as is.,0.0,0.0,Healthy inventory levels. No action required. On hand covers forward demand and safety stock is within limits.
NBL-1069,724.0,0.0,28,627.0,Furnishings,Tables,79.6,133.63,1769.4655622741418,183.66303613866205,1374.7634674159403,0.47336395157425953,0.0,1229.0,0.0,0.0,0.0,0.0,0.0,Healthy,No action needed; leave as is.,0.0,0.0,Healthy inventory levels. No action required. On hand covers forward demand and safety stock is within limits.
NBL-1068,0.0,59.0,10,51.0,Small Appliances,Air Purifiers,39.22,77.61,302.31968491484537,25.666280314177687,137.17318322485778,0.5698867766064326,0.0,821.0,1.1176470588235294,3.71875,218768.0534413915,0.0,218768.0534413915,Reorder Now,Raise a replenishment order before stock runs out.,3.04318734467918,821.0,Replenish NBL-1068 immediately. Recommended order size: 821 units (EOQ: 821). Delay puts ₹2.19 Lakh in sales at risk.
NBL-1067,160.0,0.0,28,110.0,Decor,Vases,94.78,284.34,47.95502025635984,5.396205772085965,37.10962033704904,0.0,0.7002811233977511,106.0,0.018518518518518517,11.425692695214106,0.0,10619.623180102215,10619.623180102215,Markdown / Clear,Promote or discount to free up capital.,2.819436845203653,0.0,"Markdown candidate. Excess stock on hand is locking ₹10,619.62 in capital. Recommend a promo or 15-25% markdown to clear excess before holding costs erode margin."
NBL-1066,1307.0,0.0,28,1196.0,Furnishings,Storage,109.68,294.95,1500.220051434438,189.71020810538755,1207.5668008659682,0.0,0.0,1100.0,0.19963144963144963,114.1026282853567,0.0,0.0,0.0,Healthy,No action needed; leave as is.,0.0,0.0,Healthy inventory levels. No action required. On hand covers forward demand and safety stock is within limits.
NBL-1065,1.0,115.0,10,100.0,Small Appliances,Blenders,11.64,19.66,513.3886232152798,33.183002394976626,213.28806074774187,0.45613458346740526,0.0,1918.0,0.9797979797979798,6.93,0.0,0.0,0.0,Healthy,No action needed; leave as is.,0.0,0.0,Healthy inventory levels. No action required. On hand covers forward demand and safety stock is within limits.
NBL-1064,102.0,0.0,28,88.0,Decor,Vases,36.47,74.97,182.5556135054941,31.15804366028706,153.96571533164757,0.33751485010615245,0.0,620.0,3.076923076923077,0.8824242424242424,0.0,0.0,0.0,Healthy,No action needed; leave as is.,0.0,0.0,Healthy inventory levels. No action required. On hand covers forward demand and safety stock is within limits.
NBL-1063,0.0,578.0,10,501.0,Furnishings,Tables,149.84,314.14,3268.00713086186,140.46343669303778,1224.1746834184644,0.5278451614552626,0.0,1254.0,1.003717472118959,35.23742690058479,0.0,0.0,0.0,Reorder Now,Raise a replenishment order before stock runs out.,0.0,1254.0,"Replenish NBL-1063 immediately. Recommended order size: 1,254 units (EOQ: 1,254). Delay puts ₹0.00 in sales at risk."
NBL-1062,599.0,883.0,21,765.0,Small Appliances,Heaters,148.45,262.53,1482.1271157242272,102.11344276083629,872.1800433799704,0.0,0.0,925.0,0.29152148664343785,52.52287581699346,0.0,0.0,0.0,Healthy,No action needed; leave as is.,0.0,0.0,Healthy inventory levels. No action required. On hand covers forward demand and safety stock is within limits.
NBL-1061,1663.0,0.0,28,1399.0,Decor,Vases,86.07,171.84,1658.0636937442196,151.56509677363056,1265.8199310934547,0.0,0.002968314044365867,1328.0,0.13933161953727508,114.77344573234983,0.0,0.0,0.0,Healthy,No action needed; leave as is.,0.0,0.0,Healthy inventory levels. No action required. On hand covers forward demand and safety stock is within limits.
NBL-1060,140.0,832.0,21,721.0,Furnishings,Chairs,72.36,165.08,1939.220687468564,185.84547228099734,1199.3981531892796,0.18959354955200886,0.0,1465.0,0.7139959432048681,29.464247598719314,0.0,0.0,0.0,Healthy,No action needed; leave as is.,0.0,0.0,Healthy inventory levels. No action required. On hand covers forward demand and safety stock is within limits.
NBL-1059,554.0,0.0,14,459.0,Small Appliances,Blenders,112.23,335.39,1077.3284907136238,53.9576137427155,420.00085581710766,0.0,0.0,960.0,0.25133689839572193,43.05035971223022,0.0,0.0,0.0,Healthy,No action needed; leave as is.,0.0,0.0,Healthy inventory levels. No action required. On hand covers forward demand and safety stock is within limits.
NBL-1058,329.0,0.0,10,256.0,Decor,Lighting,150.66,433.13,1009.3173890943611,82.11368350295483,426.2988282063431,0.22824089997087013,0.0,757.0,0.3783783783783784,28.495088408644403,0.0,0.0,0.0,Healthy,No action needed; leave as is.,0.0,0.0,Healthy inventory levels. No action required. On hand covers forward demand and safety stock is within limits.
NBL-1057,126.0,0.0,7,109.0,Furnishings,Chairs,88.39,252.41,1080.676931066922,50.74282791719452,239.23208723037,0.47331479878504956,0.0,999.0,1.5238095238095237,6.8108108108108105,0.0,0.0,0.0,Healthy,No action needed; leave as is.,0.0,0.0,Healthy inventory levels. No action required. On hand covers forward demand and safety stock is within limits.
NBL-1056,51.0,0.0,7,44.0,Small Appliances,Kettles,174.19,444.82,404.8777468730899,25.938114445928814,99.04634302443759,0.4850895202923663,0.0,431.0,1.8431372549019607,2.659217877094972,0.0,0.0,0.0,Healthy,No action needed; leave as is.,0.0,0.0,Healthy inventory levels. No action required. On hand covers forward demand and safety stock is within limits.
NBL-1055,389.0,0.0,14,337.0,Decor,Rugs,103.49,270.56,1561.3554842121227,103.72525795404248,652.685010457564,0.40400040790381864,0.0,1087.0,2.5419847328244276,6.313253012048193,0.0,0.0,0.0,Healthy,No action needed; leave as is.,0.0,0.0,Healthy inventory levels. No action required. On hand covers forward demand and safety stock is within limits.
NBL-1036,658.0,0.0,7,327.0,Furnishings,Tables,83.49,136.47,1717.2290765267285,88.15053016213058,383.463635803254,0.0,0.0,1337.0,0.5445859872611465,29.01650165016502,0.0,0.0,0.0,Healthy,No action needed; leave as is.,0.0,0.0,Healthy inventory levels. No action required. On hand covers forward demand and safety stock is within limits.
NBL-1070,9.0,407.0,21,353.0,Decor,Vases,25.49,74.78,1086.4186091773008,55.27934861308224,611.6061173819592,0.3198236770738504,0.0,1892.0,0.9689119170984456,8.37829457364341,0.0,0.0,0.0,Healthy,No action needed; leave as is.,0.0,0.0,Healthy inventory levels. No action required. On hand covers forward demand and safety stock is within limits.
NBL-1035,0.0,306.0,10,266.0,Small Appliances,Kettles,89.44,181.31,1673.4684706554942,102.15601144210197,669.6700316369838,0.5430585429483917,0.0,1188.0,1.032846715328467,11.062725306416727,0.0,0.0,0.0,Reorder Now,Raise a replenishment order before stock runs out.,0.0,1188.0,"Replenish NBL-1035 immediately. Recommended order size: 1,188 units (EOQ: 1,188). Delay puts ₹0.00 in sales at risk."
NBL-1033,659.0,0.0,14,571.0,Furnishings,Chairs,172.87,409.99,3517.252038524612,239.43601847967585,1427.453158470196,0.5383386165145683,0.0,1174.0,0.0,0.0,34218.69710967299,0.0,34218.69710967299,Reorder Now,Raise a replenishment order before stock runs out.,2.440975955478805,1174.0,"Replenish NBL-1033 immediately. Recommended order size: 1,174 units (EOQ: 1,174). Delay puts ₹34,218.70 in sales at risk."
NBL-1013,46.0,90.0,10,78.0,Decor,Vases,129.29,368.37,227.35421589398499,19.469345316146036,104.03692222747698,0.0,0.0,414.0,0.5339805825242718,3.9561042524005487,0.0,0.0,0.0,Healthy,No action needed; leave as is.,0.0,0.0,Healthy inventory levels. No action required. On hand covers forward demand and safety stock is within limits.
NBL-1012,408.0,0.0,14,244.0,Furnishings,Tables,42.38,68.31,768.2622824290672,33.41004748972221,291.3557441987846,0.0,0.0,1266.0,0.46511627906976744,9.2674791533034,0.0,0.0,0.0,Healthy,No action needed; leave as is.,0.0,0.0,Healthy inventory levels. No action required. On hand covers forward demand and safety stock is within limits.
NBL-1011,176.0,0.0,7,153.0,Small Appliances,Blenders,74.65,153.88,1283.6650739340557,44.37604285638632,265.72348519893455,0.33765734004189674,0.0,1175.0,1.3693181818181819,6.245880861850444,0.0,0.0,0.0,Healthy,No action needed; leave as is.,0.0,0.0,Healthy inventory levels. No action required. On hand covers forward demand and safety stock is within limits.
NBL-1010,107.0,781.0,21,677.0,Decor,Wall Art,128.45,269.72,1746.7270502752745,123.9083520434456,1031.3865365961517,0.13902308349822481,0.0,1090.0,0.7592190889370932,15.955500618046973,0.0,0.0,0.0,Healthy,No action needed; leave as is.,0.0,0.0,Healthy inventory levels. No action required. On hand covers forward demand and safety stock is within limits.
NBL-1009,136.0,0.0,7,126.0,Furnishings,Tables,47.03,125.65,749.8408821319176,55.874112977456505,181.3380255100212,0.25001940647862464,0.0,1099.0,0.448,8.428657435279952,0.0,0.0,0.0,Healthy,No action needed; leave as is.,0.0,0.0,Healthy inventory levels. No action required. On hand covers forward demand and safety stock is within limits.
NBL-1008,118.0,0.0,7,103.0,Small Appliances,Air Purifiers,88.76,168.92,844.6996869958185,32.289174250185894,175.87997499046662,0.32908791915397956,0.0,906.0,1.423728813559322,4.529129540781358,0.0,0.0,0.0,Healthy,No action needed; leave as is.,0.0,0.0,Healthy inventory levels. No action required. On hand covers forward demand and safety stock is within limits.
NBL-1014,342.0,497.0,21,431.0,Small Appliances,Air Purifiers,32.05,57.15,1064.7490821976082,86.89219337951499,633.1270827455492,0.0,0.0,1600.0,0.26988265971316816,28.50165892501659,0.0,0.0,0.0,Healthy,No action needed; leave as is.,0.0,0.0,Healthy inventory levels. No action required. On hand covers forward demand and safety stock is within limits.
NBL-1007,0.0,448.0,10,388.0,Decor,Wall Art,136.1,428.44,2061.430066196247,80.14216257222128,816.9732772546082,0.4516344506328551,0.0,1180.0,2.3854166666666665,12.0,0.0,0.0,0.0,Healthy,No action needed; leave as is.,0.0,0.0,Healthy inventory levels. No action required. On hand covers forward demand and safety stock is within limits.
NBL-1005,116.0,0.0,14,56.0,Small Appliances,Kettles,68.98,217.5,83.10555258668931,18.51971872082868,51.19269252865297,0.0,0.2835728225285404,388.0,0.18181818181818182,3.0363524337646335,0.0,0.0,0.0,Healthy,No action needed; leave as is.,0.0,0.0,Healthy inventory levels. No action required. On hand covers forward demand and safety stock is within limits.
NBL-1004,404.0,0.0,7,350.0,Decor,Wall Art,18.98,55.5,2520.6497811458853,152.04390765756554,594.1600316654069,0.32004850802972373,0.0,3212.0,1.0495049504950495,14.94319682959049,0.0,0.0,0.0,Healthy,No action needed; leave as is.,0.0,0.0,Healthy inventory levels. No action required. On hand covers forward demand and safety stock is within limits.
NBL-1003,354.0,0.0,14,307.0,Furnishings,Storage,149.51,345.29,1376.3907255930546,104.67246867456305,575.4807462928006,0.38486213086981846,0.0,861.0,5.362068965517241,1.1772381297571584,0.0,0.0,0.0,Healthy,No action needed; leave as is.,0.0,0.0,Healthy inventory levels. No action required. On hand covers forward demand and safety stock is within limits.
NBL-1002,799.0,0.0,14,693.0,Small Appliances,Air Purifiers,85.47,187.46,4465.684252535564,240.88989880705043,1762.4840690540566,0.5466625690246202,0.0,1997.0,0.9724655819774718,22.15049504950495,31706.19,0.0,31706.19,Reorder Now,Raise a replenishment order before stock runs out.,2.4606144619689028,1997.0,"Replenish NBL-1002 immediately. Recommended order size: 1,997 units (EOQ: 1,997). Delay puts ₹31,706.19 in sales at risk."
NBL-1001,1162.0,0.0,14,646.0,Decor,Wall Art,175.81,495.4,1498.211966869097,119.62341649180968,647.5965389380692,0.0,0.0,928.0,0.284,57.02647657841141,0.0,0.0,0.0,Healthy,No action needed; leave as is.,0.0,0.0,Healthy inventory levels. No action required. On hand covers forward demand and safety stock is within limits.
NBL-1000,414.0,0.0,7,359.0,Furnishings,Sofas,83.49,248.28,2516.267167770137,135.2286534874929,573.409681357998,0.278003121573515,0.0,1581.0,1.0458937198067633,22.50873786407767,0.0,0.0,0.0,Healthy,No action needed; leave as is.,0.0,0.0,Healthy inventory levels. No action required. On hand covers forward demand and safety stock is within limits.
NBL-1006,694.0,0.0,28,601.0,Furnishings,Tables,41.48,97.34,1701.1322978921198,168.53352607943012,1307.8312137600446,0.4693504844522451,0.0,1575.0,4.328571428571428,1.7753623188405796,0.0,0.0,0.0,Healthy,No action needed; leave as is.,0.0,0.0,Healthy inventory levels. No action required. On hand covers forward demand and safety stock is within limits.
NBL-1015,71.0,0.0,7,61.0,Furnishings,Tables,105.22,297.14,587.9816470619766,30.240415718986768,137.4737441307343,0.48353774425114465,0.0,673.0,1.8309859154929577,2.088235294117647,0.0,0.0,0.0,Healthy,No action needed; leave as is.,0.0,0.0,Healthy inventory levels. No action required. On hand covers forward demand and safety stock is within limits.
NBL-1016,61.0,0.0,7,53.0,Decor,Lighting,104.18,217.35,449.8620396380931,24.024966744424574,98.78922815912212,0.38252377170367324,0.0,613.0,1.3770491803278688,1.8893805309734515,0.0,0.0,0.0,Healthy,No action needed; leave as is.,0.0,0.0,Healthy inventory levels. No action required. On hand covers forward demand and safety stock is within limits.
NBL-1017,120.0,0.0,14,104.0,Small Appliances,Blenders,78.27,232.11,715.5732184400133,38.96397024566369,271.5882919247244,0.5581547380059366,0.0,766.0,0.0,0.0,15772.913943238627,0.0,15772.913943238627,Reorder Now,Raise a replenishment order before stock runs out.,2.3430998034480224,766.0,"Replenish NBL-1017 immediately. Recommended order size: 766 units (EOQ: 766). Delay puts ₹15,772.91 in sales at risk."
NBL-1032,448.0,0.0,10,415.0,Small Appliances,Blenders,107.94,232.61,445.38878853134736,26.472589303194052,179.67681209394578,0.0,0.0058285970282425026,570.0,0.14800759013282733,10.406205923836389,0.0,0.0,0.0,Healthy,No action needed; leave as is.,0.0,0.0,Healthy inventory levels. No action required. On hand covers forward demand and safety stock is within limits.
NBL-1031,459.0,0.0,14,398.0,Decor,Lighting,25.79,65.51,1865.7026094248833,84.94525834175484,747.9217238575742,0.38629941428548903,0.0,2464.0,4.0777777777777775,1.8280739934711645,0.0,0.0,0.0,Healthy,No action needed; leave as is.,0.0,0.0,Healthy inventory levels. No action required. On hand covers forward demand and safety stock is within limits.
NBL-1030,82.0,774.0,21,671.0,Furnishings,Storage,15.16,36.24,1716.5302016742287,120.11959398688656,1002.3549046348022,0.14601106250697216,0.0,3090.0,0.8687782805429864,9.232375979112271,0.0,0.0,0.0,Healthy,No action needed; leave as is.,0.0,0.0,Healthy inventory levels. No action required. On hand covers forward demand and safety stock is within limits.
NBL-1029,160.0,0.0,7,139.0,Small Appliances,Heaters,108.46,286.31,972.7481035232581,57.990135211242446,219.31029451151073,0.27044008419038335,0.0,841.0,1.0292397660818713,3.460787856884713,0.0,0.0,0.0,Healthy,No action needed; leave as is.,0.0,0.0,Healthy inventory levels. No action required. On hand covers forward demand and safety stock is within limits.
NBL-1028,212.0,0.0,14,183.0,Decor,Wall Art,138.47,380.95,861.3327858762719,45.8052833164911,348.1281092170665,0.3910287782368853,0.0,716.0,2.725806451612903,1.2892684738210174,0.0,0.0,0.0,Healthy,No action needed; leave as is.,0.0,0.0,Healthy inventory levels. No action required. On hand covers forward demand and safety stock is within limits.
NBL-1027,294.0,398.0,21,345.0,Furnishings,Chairs,60.62,153.17,479.90769219954154,38.37711563004223,279.6192054895166,0.0,0.0,882.0,0.1940700808625337,7.872679045092839,0.0,0.0,0.0,Healthy,No action needed; leave as is.,0.0,0.0,Healthy inventory levels. No action required. On hand covers forward demand and safety stock is within limits.
NBL-1026,522.0,0.0,28,452.0,Small Appliances,Heaters,24.58,74.83,1408.8162465315274,102.07371908013292,1025.0999490031597,0.49078136184904736,0.0,1930.0,0.0,0.0,0.0,0.0,0.0,Healthy,No action needed; leave as is.,0.0,0.0,Healthy inventory levels. No action required. On hand covers forward demand and safety stock is within limits.
NBL-1025,1493.0,0.0,28,1294.0,Decor,Vases,141.95,389.94,3223.422030341915,190.94493357346178,2348.529694676955,0.36428310726325935,0.0,1254.0,0.0,0.0,0.0,0.0,0.0,Healthy,No action needed; leave as is.,0.0,0.0,Healthy inventory levels. No action required. On hand covers forward demand and safety stock is within limits.
NBL-1024,75.0,1120.0,21,970.0,Furnishings,Sofas,164.28,446.76,2849.1801290431504,158.25560433758838,1652.4230876206582,0.27681959363041014,0.0,1215.0,0.8925318761384335,11.204081632653061,0.0,0.0,0.0,Healthy,No action needed; leave as is.,0.0,0.0,Healthy inventory levels. No action required. On hand covers forward demand and safety stock is within limits.
NBL-1023,165.0,0.0,7,143.0,Small Appliances,Kettles,116.41,253.65,1243.8715063487064,45.7371216331127,247.62579015575412,0.33367198991584573,0.0,961.0,1.4484848484848485,3.3225458468176914,0.0,0.0,0.0,Healthy,No action needed; leave as is.,0.0,0.0,Healthy inventory levels. No action required. On hand covers forward demand and safety stock is within limits.
NBL-1022,0.0,494.0,10,428.0,Decor,Vases,127.77,295.64,3554.9037293475444,221.2843279856908,1455.2655667943484,0.6605430573828661,0.0,1427.0,1.3986784140969164,9.151907847372211,4075.060734897881,0.0,4075.060734897881,Reorder Now,Raise a replenishment order before stock runs out.,2.3847193945534952,1427.0,"Replenish NBL-1022 immediately. Recommended order size: 1,427 units (EOQ: 1,427). Delay puts ₹4,075.06 in sales at risk."
NBL-1021,0.0,525.0,10,455.0,Furnishings,Storage,87.44,162.47,3424.358457716816,113.6430992662402,1280.8868687386087,0.5901277366384361,0.0,1750.0,1.334811529933481,9.154041319318592,62418.63063158271,0.0,62418.63063158271,Reorder Now,Raise a replenishment order before stock runs out.,2.8298520429041547,1750.0,"Replenish NBL-1021 immediately. Recommended order size: 1,750 units (EOQ: 1,750). Delay puts ₹62,418.63 in sales at risk."
NBL-1020,1585.0,0.0,28,1373.0,Small Appliances,Air Purifiers,36.72,60.09,3251.8511154814355,303.09513725141557,2469.29115004934,0.3581153846648139,0.0,2537.0,0.0,0.0,0.0,0.0,0.0,Healthy,No action needed; leave as is.,0.0,0.0,Healthy inventory levels. No action required. On hand covers forward demand and safety stock is within limits.
NBL-1019,201.0,0.0,14,131.0,Decor,Wall Art,142.83,380.34,400.14200078859744,50.689655211958645,191.20088427147832,0.0,0.0,494.0,0.6258992805755396,2.780993211861379,0.0,0.0,0.0,Healthy,No action needed; leave as is.,0.0,0.0,Healthy inventory levels. No action required. On hand covers forward demand and safety stock is within limits.
NBL-1018,1179.0,0.0,21,975.0,Furnishings,Sofas,56.4,116.73,2127.401634758507,233.69331659616262,1333.0833376451856,0.11558417489289519,0.0,1748.0,0.24171539961013644,31.615553925165077,0.0,0.0,0.0,Healthy,No action needed; leave as is.,0.0,0.0,Healthy inventory levels. No action required. On hand covers forward demand and safety stock is within limits.
NBL-1034,0.0,419.0,10,363.0,Decor,Wall Art,91.71,218.74,3729.5276021990176,273.3685750594817,1612.3778691705747,0.7401353565987988,0.0,1628.0,2.116809116809117,7.226470588235294,0.0,0.0,0.0,Reorder Now,Raise a replenishment order before stock runs out.,0.0,1628.0,"Replenish NBL-1034 immediately. Recommended order size: 1,628 units (EOQ: 1,628). Delay puts ₹0.00 in sales at risk."
NBL-1071,630.0,0.0,14,511.0,Small Appliances,Heaters,153.09,466.04,933.741938393173,70.2663453133001,388.18622994051714,0.0,0.0,829.0,0.18532818532818532,16.10362694300518,0.0,0.0,0.0,Healthy,No action needed; leave as is.,0.0,0.0,Healthy inventory levels. No action required. On hand covers forward demand and safety stock is within limits.
NBL-1072,251.0,0.0,28,187.0,Furnishings,Sofas,142.07,373.36,226.30110357471847,23.85339033215539,179.87932334441183,0.0,0.09840197778996626,402.0,0.5609756097560976,1.7153530070974972,0.0,0.0,0.0,Healthy,No action needed; leave as is.,0.0,0.0,Healthy inventory levels. No action required. On hand covers forward demand and safety stock is within limits.
NBL-1073,1152.0,0.0,21,906.0,Decor,Vases,100.2,242.76,1586.7699203720172,206.045919918094,1029.1945843533367,0.0,0.0,1167.0,0.2137883008356546,29.695716395864107,0.0,0.0,0.0,Healthy,No action needed; leave as is.,0.0,0.0,Healthy inventory levels. No action required. On hand covers forward demand and safety stock is within limits.
NBL-1126,174.0,0.0,7,151.0,Furnishings,Tables,135.74,220.37,1401.4017061376983,67.13989001484639,304.0929540718939,0.4278065385268257,0.0,907.0,1.4885057471264367,3.60755275823769,0.0,0.0,0.0,Healthy,No action needed; leave as is.,0.0,0.0,Healthy inventory levels. No action required. On hand covers forward demand and safety stock is within limits.
NBL-1125,1932.0,0.0,28,1037.0,Small Appliances,Heaters,56.27,120.11,1837.1282958906259,217.4225353637389,1464.3306541994316,0.0,0.04910543690961395,1580.0,0.2671232876712329,21.041176470588237,0.0,0.0,0.0,Healthy,No action needed; leave as is.,0.0,0.0,Healthy inventory levels. No action required. On hand covers forward demand and safety stock is within limits.
NBL-1124,129.0,424.0,10,368.0,Decor,Rugs,27.93,47.91,1703.846407228271,111.62466335908036,707.3339338980398,0.21819105022647853,0.0,2219.0,0.6798029556650246,8.337367070040338,0.0,0.0,0.0,Healthy,No action needed; leave as is.,0.0,0.0,Healthy inventory levels. No action required. On hand covers forward demand and safety stock is within limits.
NBL-1123,77.0,0.0,7,67.0,Furnishings,Tables,145.58,306.17,934.1890134307021,44.66558380448805,199.25996494349002,0.6135701417902129,0.0,661.0,2.3766233766233764,1.5455197132616487,0.0,0.0,0.0,Reorder Now,Raise a replenishment order before stock runs out.,0.0,661.0,Replenish NBL-1123 immediately. Recommended order size: 661 units (EOQ: 661). Delay puts ₹0.00 in sales at risk.
NBL-1122,823.0,1258.0,21,1090.0,Small Appliances,Heaters,160.46,493.2,1702.1459394606954,271.9935179374686,1154.9823303396263,0.0,0.0,997.0,0.24863883847549909,22.047874240800287,0.0,0.0,0.0,Healthy,No action needed; leave as is.,0.0,0.0,Healthy inventory levels. No action required. On hand covers forward demand and safety stock is within limits.
NBL-1121,163.0,0.0,7,141.0,Decor,Wall Art,115.67,251.82,1465.2771085888971,73.16190288109313,326.19497456455576,0.5002988619993549,0.0,975.0,1.9263803680981595,3.220889202540579,34293.614165847626,0.0,34293.614165847626,Reorder Now,Raise a replenishment order before stock runs out.,2.26896836726585,975.0,"Replenish NBL-1121 immediately. Recommended order size: 975 units (EOQ: 975). Delay puts ₹34,293.61 in sales at risk."
NBL-1127,0.0,362.0,21,313.0,Decor,Lighting,72.03,132.95,1372.833388883058,90.33770484698665,789.1243418927723,0.5412636757197015,0.0,1187.0,3.128205128205128,1.4984562607204117,109983.67996908005,0.0,109983.67996908005,Reorder Now,Raise a replenishment order before stock runs out.,2.7286899946316208,1187.0,"Replenish NBL-1127 immediately. Recommended order size: 1,187 units (EOQ: 1,187). Delay puts ₹1.10 Lakh in sales at risk."
NBL-1120,0.0,1189.0,21,1031.0,Furnishings,Tables,62.39,178.43,3953.3588837951934,257.61971544055683,2265.224280350873,0.47510716253852386,0.0,2146.0,1.2148014440433212,10.58839590443686,0.0,0.0,0.0,Healthy,No action needed; leave as is.,0.0,0.0,Healthy inventory levels. No action required. On hand covers forward demand and safety stock is within limits.
NBL-1118,0.0,1030.0,21,893.0,Decor,Vases,79.96,188.59,3489.615381954285,171.452248222087,1953.1536234992566,0.4726477284696843,0.0,1786.0,1.4569190600522193,7.236167341430499,0.0,0.0,0.0,Healthy,No action needed; leave as is.,0.0,0.0,Healthy inventory levels. No action required. On hand covers forward demand and safety stock is within limits.
NBL-1117,0.0,1155.0,21,1001.0,Furnishings,Sofas,45.43,115.45,4026.6163011169524,253.90829505107672,2307.9605714507497,0.49955817517541723,0.0,2514.0,1.7393364928909953,7.778801843317972,0.0,0.0,0.0,Healthy,No action needed; leave as is.,0.0,0.0,Healthy inventory levels. No action required. On hand covers forward demand and safety stock is within limits.
NBL-1116,0.0,519.0,10,449.0,Small Appliances,Air Purifiers,113.09,295.78,3695.5170447052237,129.889769582319,1354.3733396088692,0.6167969459957898,0.0,1529.0,1.402197802197802,8.501835168501835,135123.82538458463,0.0,135123.82538458463,Reorder Now,Raise a replenishment order before stock runs out.,3.1646217686078724,1529.0,"Replenish NBL-1116 immediately. Recommended order size: 1,529 units (EOQ: 1,529). Delay puts ₹1.35 Lakh in sales at risk."
NBL-1115,0.0,1096.0,21,950.0,Decor,Wall Art,31.06,63.52,3804.064488299545,213.02378293667834,2098.241059729738,0.47765772911661103,0.0,3082.0,1.6722891566265061,7.472668810289389,0.0,0.0,0.0,Healthy,No action needed; leave as is.,0.0,0.0,Healthy inventory levels. No action required. On hand covers forward demand and safety stock is within limits.
NBL-1114,187.0,0.0,7,162.0,Furnishings,Sofas,95.44,214.4,1732.46475447788,101.93589558071844,401.9503613194281,0.5347684241751633,0.0,1150.0,1.8449197860962567,3.264339152119701,0.0,0.0,0.0,Reorder Now,Raise a replenishment order before stock runs out.,0.0,1150.0,"Replenish NBL-1114 immediately. Recommended order size: 1,150 units (EOQ: 1,150). Delay puts ₹0.00 in sales at risk."
NBL-1113,0.0,575.0,21,498.0,Small Appliances,Blenders,128.36,338.71,2353.5974181091997,256.3006186453134,1486.2595289297155,0.6131227495550062,0.0,1130.0,3.9215686274509802,1.7532228360957642,0.0,0.0,0.0,Reorder Now,Raise a replenishment order before stock runs out.,0.0,1130.0,"Replenish NBL-1113 immediately. Recommended order size: 1,130 units (EOQ: 1,130). Delay puts ₹0.00 in sales at risk."
NBL-1119,283.0,0.0,7,245.0,Small Appliances,Kettles,105.31,286.78,2999.4594581806837,112.32198127504262,594.5638663574504,0.5240208562727203,0.0,1452.0,1.823321554770318,4.742070616397367,0.0,0.0,0.0,Reorder Now,Raise a replenishment order before stock runs out.,0.0,1452.0,"Replenish NBL-1119 immediately. Recommended order size: 1,452 units (EOQ: 1,452). Delay puts ₹0.00 in sales at risk."
NBL-1128,0.0,1192.0,21,1033.0,Small Appliances,Air Purifiers,70.77,221.76,4402.698919938839,336.73513818502795,2631.284977389504,0.5469893948231399,0.0,2183.0,2.682857142857143,5.699331200930503,0.0,0.0,0.0,Reorder Now,Raise a replenishment order before stock runs out.,0.0,2183.0,"Replenish NBL-1128 immediately. Recommended order size: 2,183 units (EOQ: 2,183). Delay puts ₹0.00 in sales at risk."
NBL-1129,180.0,0.0,14,116.0,Furnishings,Chairs,61.49,166.04,45.81173941957161,8.22617590791901,24.44439801429306,0.0,0.7454903365579355,250.0,0.05945945945945946,2.9133858267716537,0.0,8251.236143090542,8251.236143090542,Markdown / Clear,Promote or discount to free up capital.,2.9197663153478044,0.0,"Markdown candidate. Excess stock on hand is locking ₹8,251.24 in capital. Recommend a promo or 15-25% markdown to clear excess before holding costs erode margin."
NBL-1130,164.0,0.0,7,95.0,Decor,Vases,118.23,191.2,456.0541116765829,31.301578185583747,110.47005598251275,0.0,0.0,580.0,0.6811594202898551,2.1634938409854425,0.0,0.0,0.0,Healthy,No action needed; leave as is.,0.0,0.0,Healthy inventory levels. No action required. On hand covers forward demand and safety stock is within limits.
NBL-1145,0.0,448.0,10,388.0,Decor,Wall Art,9.26,18.94,2460.605830572642,144.7245700961118,1007.0363278317391,0.5551302494075921,0.0,4511.0,1.0902612826603326,6.380514208389715,295923.4786903868,0.0,295923.4786903868,Reorder Now,Raise a replenishment order before stock runs out.,3.037218012696049,4511.0,"Replenish NBL-1145 immediately. Recommended order size: 4,511 units (EOQ: 4,511). Delay puts ₹2.96 Lakh in sales at risk."
NBL-1144,538.0,0.0,28,269.0,Furnishings,Chairs,167.52,388.17,406.01001737900305,32.7405542872362,313.2014895342044,0.0,0.24533454018772669,479.0,0.3167701863354037,4.799574128293852,0.0,0.0,0.0,Healthy,No action needed; leave as is.,0.0,0.0,Healthy inventory levels. No action required. On hand covers forward demand and safety stock is within limits.
NBL-1143,12.0,304.0,21,263.0,Small Appliances,Air Purifiers,38.53,82.54,786.9838629834941,41.52593414681151,453.4926993914554,0.30318613635006186,0.0,1320.0,1.0253164556962024,2.3600960256068286,0.0,0.0,0.0,Healthy,No action needed; leave as is.,0.0,0.0,Healthy inventory levels. No action required. On hand covers forward demand and safety stock is within limits.
NBL-1142,28.0,0.0,7,21.0,Decor,Vases,26.06,58.31,102.29352265305589,11.16409815105667,32.74511375213652,0.14491058996021702,0.0,686.0,0.88,0.3634475597092419,0.0,0.0,0.0,Healthy,No action needed; leave as is.,0.0,0.0,Healthy inventory levels. No action required. On hand covers forward demand and safety stock is within limits.
NBL-1141,0.0,1076.0,21,933.0,Furnishings,Chairs,154.25,330.86,3983.819842175353,294.50073545738564,2311.6563787536397,0.5345328960266406,0.0,1389.0,2.264026402640264,4.402698495070057,0.0,0.0,0.0,Reorder Now,Raise a replenishment order before stock runs out.,0.0,1389.0,"Replenish NBL-1141 immediately. Recommended order size: 1,389 units (EOQ: 1,389). Delay puts ₹0.00 in sales at risk."
NBL-1140,654.0,0.0,21,607.0,Small Appliances,Air Purifiers,154.55,372.1,1255.664507302701,159.57735999974992,810.3810430740878,0.19297223745618994,0.0,810.0,0.2557077625570776,12.656346749226007,0.0,0.0,0.0,Healthy,No action needed; leave as is.,0.0,0.0,Healthy inventory levels. No action required. On hand covers forward demand and safety stock is within limits.
NBL-1139,1053.0,0.0,28,913.0,Decor,Lighting,66.21,195.4,3459.4179227631193,327.43309565957134,2643.4610079196264,0.6016585843917179,0.0,1793.0,0.0,0.0,47819.96710494562,0.0,47819.96710494562,Reorder Now,Raise a replenishment order before stock runs out.,2.815532554843301,1793.0,"Replenish NBL-1139 immediately. Recommended order size: 1,793 units (EOQ: 1,793). Delay puts ₹47,819.97 in sales at risk."
NBL-1138,242.0,0.0,14,210.0,Furnishings,Chairs,139.22,235.7,1180.9392482218425,91.70463610295563,504.98053108797626,0.5207736039276345,0.0,780.0,6.828571428571428,0.4980940279542567,7957.498963974154,0.0,7957.498963974154,Reorder Now,Raise a replenishment order before stock runs out.,2.0314499036298486,780.0,"Replenish NBL-1138 immediately. Recommended order size: 780 units (EOQ: 780). Delay puts ₹7,957.50 in sales at risk."
NBL-1137,197.0,0.0,14,171.0,Small Appliances,Blenders,153.1,401.14,1340.28685526659,87.12792412825264,534.3146056124853,0.6313033596111812,0.0,730.0,0.0,0.0,85667.98821361396,0.0,85667.98821361396,Reorder Now,Raise a replenishment order before stock runs out.,3.1141081348700723,730.0,"Replenish NBL-1137 immediately. Recommended order size: 730 units (EOQ: 730). Delay puts ₹85,667.99 in sales at risk."
NBL-1136,420.0,0.0,14,364.0,Decor,Vases,108.87,260.12,1676.5436845724496,128.45888064406657,696.8097458166897,0.39725297683983635,0.0,1104.0,3.5238095238095237,1.2046094750320102,0.0,0.0,0.0,Healthy,No action needed; leave as is.,0.0,0.0,Healthy inventory levels. No action required. On hand covers forward demand and safety stock is within limits.
NBL-1135,662.0,0.0,28,573.0,Furnishings,Chairs,15.68,30.93,1553.1729789272022,155.1403133703586,1212.631946932752,0.45408002677607834,0.0,2535.0,0.0,0.0,0.0,0.0,0.0,Healthy,No action needed; leave as is.,0.0,0.0,Healthy inventory levels. No action required. On hand covers forward demand and safety stock is within limits.
NBL-1134,264.0,0.0,14,228.0,Small Appliances,Heaters,88.72,163.34,1311.685596935229,64.32814228075398,505.5548813374441,0.4778015013887539,0.0,1061.0,60.5,0.05680953588638092,0.0,0.0,0.0,Healthy,No action needed; leave as is.,0.0,0.0,Healthy inventory levels. No action required. On hand covers forward demand and safety stock is within limits.
NBL-1133,1371.0,0.0,28,1188.0,Decor,Lighting,85.1,189.61,3686.9145777829435,300.187179619843,2779.133868837037,0.506680834855317,0.0,1706.0,0.0,0.0,2507.826867615699,0.0,2507.826867615699,Reorder Now,Raise a replenishment order before stock runs out.,1.7224466482840688,1706.0,"Replenish NBL-1133 immediately. Recommended order size: 1,706 units (EOQ: 1,706). Delay puts ₹2,507.83 in sales at risk."
NBL-1132,188.0,0.0,14,137.0,Furnishings,Storage,103.63,304.93,415.3853562104319,30.754847961745888,177.91324712791265,0.0,0.0,609.0,0.7450980392156863,1.439153439153439,0.0,0.0,0.0,Healthy,No action needed; leave as is.,0.0,0.0,Healthy inventory levels. No action required. On hand covers forward demand and safety stock is within limits.
NBL-1131,947.0,0.0,14,646.0,Small Appliances,Heaters,36.17,67.47,210.73408484029017,28.377343641280216,100.34793603289114,0.0,0.7774719273069798,726.0,0.039634146341463415,14.114754098360656,0.0,26630.738151326706,26630.738151326706,Markdown / Clear,Promote or discount to free up capital.,3.4406238877740516,0.0,"Markdown candidate. Excess stock on hand is locking ₹26,630.74 in capital. Recommend a promo or 15-25% markdown to clear excess before holding costs erode margin."
NBL-1112,298.0,0.0,7,259.0,Decor,Vases,32.96,102.63,2324.751505787842,107.87929074400039,522.8358448995764,0.4300314278237019,0.0,2341.0,1.580536912751678,4.322196322196322,0.0,0.0,0.0,Healthy,No action needed; leave as is.,0.0,0.0,Healthy inventory levels. No action required. On hand covers forward demand and safety stock is within limits.
NBL-1111,187.0,0.0,7,162.0,Furnishings,Chairs,86.87,247.97,1703.646058198336,108.12787018250236,410.6045416119573,0.5445739609555397,0.0,1217.0,2.0962566844919786,2.6934156378600824,28634.750214361942,0.0,28634.750214361942,Reorder Now,Raise a replenishment order before stock runs out.,2.4271163511159695,1217.0,"Replenish NBL-1111 immediately. Recommended order size: 1,217 units (EOQ: 1,217). Delay puts ₹28,634.75 in sales at risk."
NBL-1110,770.0,0.0,14,667.0,Small Appliances,Blenders,37.78,65.99,4389.960886115669,307.798058779777,1814.0359510744124,0.575532116910943,0.0,2889.0,0.0,0.0,12003.251152986762,0.0,12003.251152986762,Reorder Now,Raise a replenishment order before stock runs out.,2.347788350244034,2889.0,"Replenish NBL-1110 immediately. Recommended order size: 2,889 units (EOQ: 2,889). Delay puts ₹12,003.25 in sales at risk."
NBL-1109,689.0,0.0,28,597.0,Decor,Lighting,114.01,190.14,989.191898454804,118.28264526215487,788.8410427180053,0.12656674451673583,0.0,801.0,2.019047619047619,1.5433070866141732,0.0,0.0,0.0,Healthy,No action needed; leave as is.,0.0,0.0,Healthy inventory levels. No action required. On hand covers forward demand and safety stock is within limits.
NBL-1089,212.0,0.0,7,111.0,Small Appliances,Kettles,65.39,198.61,754.2250560514325,38.46411173792317,165.50718780705563,0.0,0.0,946.0,0.6157635467980296,2.9291419737181137,0.0,0.0,0.0,Healthy,No action needed; leave as is.,0.0,0.0,Healthy inventory levels. No action required. On hand covers forward demand and safety stock is within limits.
NBL-1088,1314.0,0.0,21,690.0,Decor,Wall Art,121.15,274.98,274.0567640872392,32.54557940712411,180.1779363932288,0.0,0.7914332084572001,374.0,0.028739867354458364,19.727933541017652,0.0,125989.12303083099,125989.12303083099,Markdown / Clear,Promote or discount to free up capital.,4.0365756804281725,0.0,Markdown candidate. Excess stock on hand is locking ₹1.26 Lakh in capital. Recommend a promo or 15-25% markdown to clear excess before holding costs erode margin.
NBL-1087,367.0,0.0,7,318.0,Furnishings,Tables,111.13,343.39,4337.222582839939,199.4592194281668,959.9588128484313,0.6176919310621029,0.0,1685.0,2.2888283378746594,5.230847543904301,208667.93034245304,0.0,208667.93034245304,Reorder Now,Raise a replenishment order before stock runs out.,3.2857861543949047,1685.0,"Replenish NBL-1087 immediately. Recommended order size: 1,685 units (EOQ: 1,685). Delay puts ₹2.09 Lakh in sales at risk."
NBL-1086,379.0,0.0,7,352.0,Small Appliances,Blenders,97.89,276.27,2015.9839124401065,125.27038874835154,458.2349462094698,0.17291336434486965,0.0,1296.0,0.48043184885290147,10.371407148212947,0.0,0.0,0.0,Healthy,No action needed; leave as is.,0.0,0.0,Healthy inventory levels. No action required. On hand covers forward demand and safety stock is within limits.
NBL-1085,140.0,0.0,14,121.0,Decor,Lighting,37.46,93.8,463.84109455702,37.559083790659734,204.00962043071954,0.31375785267174117,0.0,1061.0,1.868421052631579,0.5420275089149261,0.0,0.0,0.0,Healthy,No action needed; leave as is.,0.0,0.0,Healthy inventory levels. No action required. On hand covers forward demand and safety stock is within limits.
NBL-1084,168.0,0.0,7,98.0,Furnishings,Storage,51.58,131.23,430.97113826569495,25.88924198107409,101.54176076392275,0.0,0.0,897.0,0.515625,1.8788990825688074,0.0,0.0,0.0,Healthy,No action needed; leave as is.,0.0,0.0,Healthy inventory levels. No action required. On hand covers forward demand and safety stock is within limits.
NBL-1083,717.0,0.0,14,622.0,Small Appliances,Heaters,110.11,314.06,3181.0003839450305,150.35730696856936,1217.556886568264,0.41111581076027165,0.0,1461.0,4.469565217391304,1.682340647857889,0.0,0.0,0.0,Healthy,No action needed; leave as is.,0.0,0.0,Healthy inventory levels. No action required. On hand covers forward demand and safety stock is within limits.
NBL-1082,613.0,0.0,28,532.0,Decor,Lighting,22.53,69.79,1652.7020983317607,94.32621404351136,1198.709136609031,0.4886165615337801,0.0,2355.0,0.0,0.0,0.0,0.0,0.0,Healthy,No action needed; leave as is.,0.0,0.0,Healthy inventory levels. No action required. On hand covers forward demand and safety stock is within limits.
NBL-1081,75.0,0.0,14,65.0,Furnishings,Chairs,30.72,79.35,236.80163100467712,15.69393035010309,97.75943808579899,0.2328106475594108,0.0,846.0,1.88,0.3801248981808309,0.0,0.0,0.0,Healthy,No action needed; leave as is.,0.0,0.0,Healthy inventory levels. No action required. On hand covers forward demand and safety stock is within limits.
NBL-1080,140.0,211.0,10,183.0,Small Appliances,Air Purifiers,134.4,258.57,192.11267095579126,17.612879564967457,82.80986539101467,0.0,0.0,337.0,0.2388888888888889,2.8195804195804195,0.0,0.0,0.0,Healthy,No action needed; leave as is.,0.0,0.0,Healthy inventory levels. No action required. On hand covers forward demand and safety stock is within limits.
NBL-1079,288.0,0.0,14,250.0,Decor,Rugs,146.36,358.93,1666.8079292403127,107.0131068457807,669.868533940686,0.5700648927249042,0.0,883.0,0.0,0.0,2046.2011515215474,0.0,2046.2011515215474,Reorder Now,Raise a replenishment order before stock runs out.,1.8875763650118464,883.0,"Replenish NBL-1079 immediately. Recommended order size: 883 units (EOQ: 883). Delay puts ₹2,046.20 in sales at risk."
NBL-1078,27.0,0.0,7,24.0,Furnishings,Tables,64.48,158.41,76.94233102274863,9.658063334613999,28.08164174285485,0.038517753084363886,0.0,365.0,0.46938775510204084,0.8042203985932005,0.0,0.0,0.0,Healthy,No action needed; leave as is.,0.0,0.0,Healthy inventory levels. No action required. On hand covers forward demand and safety stock is within limits.
NBL-1077,253.0,0.0,7,219.0,Small Appliances,Blenders,59.06,184.16,2468.043082056174,127.00816311244748,555.3884792955627,0.5444630030480696,0.0,1743.0,1.8853754940711462,4.054951345163136,13872.96672625157,0.0,13872.96672625157,Reorder Now,Raise a replenishment order before stock runs out.,2.255275004365576,1743.0,"Replenish NBL-1077 immediately. Recommended order size: 1,743 units (EOQ: 1,743). Delay puts ₹13,872.97 in sales at risk."
NBL-1076,599.0,0.0,28,443.0,Decor,Wall Art,71.02,150.85,468.50330833362244,57.58759737646814,374.8406052845885,0.0,0.21785758208076386,827.0,0.4823529411764706,2.695356738391846,0.0,0.0,0.0,Healthy,No action needed; leave as is.,0.0,0.0,Healthy inventory levels. No action required. On hand covers forward demand and safety stock is within limits.
NBL-1075,269.0,0.0,7,233.0,Furnishings,Chairs,90.19,204.46,1569.8461875582661,93.29644975875905,371.11662725838664,0.2751604745192105,0.0,1189.0,1.0148698884758365,4.227897838899803,0.0,0.0,0.0,Healthy,No action needed; leave as is.,0.0,0.0,Healthy inventory levels. No action required. On hand covers forward demand and safety stock is within limits.
NBL-1090,354.0,0.0,28,210.0,Furnishings,Tables,70.64,148.56,265.106676080712,37.592445715038444,224.40770922515694,0.0,0.25111108451776265,602.0,0.3465909090909091,2.7158996968861944,0.0,0.0,0.0,Healthy,No action needed; leave as is.,0.0,0.0,Healthy inventory levels. No action required. On hand covers forward demand and safety stock is within limits.
NBL-1147,43.0,692.0,21,600.0,Furnishings,Storage,163.37,449.78,1444.6438657985907,154.1984798551504,922.970555168349,0.20365823602472713,0.0,896.0,0.9126506024096386,5.113311331133113,0.0,0.0,0.0,Healthy,No action needed; leave as is.,0.0,0.0,Healthy inventory levels. No action required. On hand covers forward demand and safety stock is within limits.
NBL-1091,647.0,768.0,21,666.0,Decor,Rugs,169.01,388.83,1310.381508793824,88.28279966404406,775.8511824272285,0.0,0.0,835.0,0.30176211453744495,13.687213997308211,0.0,0.0,0.0,Healthy,No action needed; leave as is.,0.0,0.0,Healthy inventory levels. No action required. On hand covers forward demand and safety stock is within limits.
NBL-1093,430.0,0.0,14,373.0,Furnishings,Tables,72.73,231.18,1682.1684145089173,108.28106827575525,684.6916124938685,0.37198003867200774,0.0,1386.0,4.287671232876712,1.078343445001319,0.0,0.0,0.0,Healthy,No action needed; leave as is.,0.0,0.0,Healthy inventory levels. No action required. On hand covers forward demand and safety stock is within limits.
NBL-1108,168.0,784.0,21,679.0,Furnishings,Sofas,130.1,412.2,1564.9618325010451,137.39834276872423,950.6253258630288,0.0,0.0,1019.0,0.6260683760683761,6.924174372523118,0.0,0.0,0.0,Healthy,No action needed; leave as is.,0.0,0.0,Healthy inventory levels. No action required. On hand covers forward demand and safety stock is within limits.
NBL-1107,40.0,0.0,7,35.0,Small Appliances,Kettles,34.7,96.31,372.2980149724416,16.85090767174582,82.8900195772146,0.5174328561626316,0.0,946.0,1.975,0.5968558486544099,28948.215557519765,0.0,28948.215557519765,Reorder Now,Raise a replenishment order before stock runs out.,2.3085974726161327,946.0,"Replenish NBL-1107 immediately. Recommended order size: 946 units (EOQ: 946). Delay puts ₹28,948.22 in sales at risk."
NBL-1106,180.0,0.0,7,123.0,Decor,Wall Art,94.78,264.65,578.4152949612679,27.789797760589522,130.5862914998022,0.0,0.0,783.0,0.732824427480916,1.9194139194139195,0.0,0.0,0.0,Healthy,No action needed; leave as is.,0.0,0.0,Healthy inventory levels. No action required. On hand covers forward demand and safety stock is within limits.
NBL-1105,987.0,0.0,28,855.0,Furnishings,Storage,152.13,253.18,2153.9615813219593,119.46867465054049,1554.6016593661857,0.36511067381569506,0.0,1042.0,0.0,0.0,0.0,0.0,0.0,Healthy,No action needed; leave as is.,0.0,0.0,Healthy inventory levels. No action required. On hand covers forward demand and safety stock is within limits.
NBL-1104,281.0,350.0,10,303.0,Small Appliances,Kettles,145.77,449.62,287.00010931155873,24.60509264056796,132.7924685120244,0.0,0.0,421.0,0.16314199395770393,4.674905422446406,0.0,0.0,0.0,Healthy,No action needed; leave as is.,0.0,0.0,Healthy inventory levels. No action required. On hand covers forward demand and safety stock is within limits.
NBL-1103,0.0,0.0,10,146.0,Decor,Vases,145.85,289.03,866.0541118946903,45.472368160395625,341.8706251358444,1.0,0.0,696.0,1.1390728476821192,2.1008695652173914,40369.728447969355,0.0,40369.728447969355,Reorder Now,Raise a replenishment order before stock runs out.,4.606066585874997,146.0,"Replenish NBL-1103 immediately. Recommended order size: 146 units (EOQ: 696). Delay puts ₹40,369.73 in sales at risk."
NBL-1102,411.0,0.0,7,357.0,Furnishings,Sofas,14.22,22.88,4115.922918441413,233.14586152265898,991.9386484096412,0.585659858440893,0.0,4607.0,2.05352798053528,5.7012633143423335,246795.65405561475,0.0,246795.65405561475,Reorder Now,Raise a replenishment order before stock runs out.,3.15807665204348,4607.0,"Replenish NBL-1102 immediately. Recommended order size: 4,607 units (EOQ: 4,607). Delay puts ₹2.47 Lakh in sales at risk."
NBL-1101,0.0,160.0,10,139.0,Small Appliances,Kettles,141.6,271.47,992.9099324341972,40.493354576031514,376.6452944034364,0.5751971354018324,0.0,746.0,1.2661870503597121,1.9611992945326278,0.0,0.0,0.0,Reorder Now,Raise a replenishment order before stock runs out.,0.0,746.0,Replenish NBL-1101 immediately. Recommended order size: 746 units (EOQ: 746). Delay puts ₹0.00 in sales at risk.
NBL-1100,149.0,0.0,7,129.0,Decor,Wall Art,23.56,71.51,1054.3023273971157,36.55631475827236,214.52746250869816,0.3054502288071454,0.0,1836.0,1.3825503355704698,2.0787244643746887,0.0,0.0,0.0,Healthy,No action needed; leave as is.,0.0,0.0,Healthy inventory levels. No action required. On hand covers forward demand and safety stock is within limits.
NBL-1099,415.0,0.0,10,240.0,Furnishings,Storage,26.3,84.12,211.61579650514457,16.161255005344213,89.96531423858188,0.0,0.4900824180598926,860.0,0.07589285714285714,6.077519379844961,0.0,0.0,0.0,Healthy,No action needed; leave as is.,0.0,0.0,Healthy inventory levels. No action required. On hand covers forward demand and safety stock is within limits.
NBL-1098,324.0,0.0,14,281.0,Small Appliances,Air Purifiers,179.49,539.68,1126.005929980546,67.58514562914861,469.1415002624313,0.30937680887587465,0.0,736.0,1.874015748031496,1.7042894799904147,0.0,0.0,0.0,Healthy,No action needed; leave as is.,0.0,0.0,Healthy inventory levels. No action required. On hand covers forward demand and safety stock is within limits.
NBL-1097,287.0,0.0,7,249.0,Decor,Rugs,59.93,183.96,3546.483459861095,114.6947672447759,678.4922105383339,0.5770032499381437,0.0,2040.0,2.3867595818815333,3.8774427020506637,0.0,0.0,0.0,Reorder Now,Raise a replenishment order before stock runs out.,0.0,2040.0,"Replenish NBL-1097 immediately. Recommended order size: 2,040 units (EOQ: 2,040). Delay puts ₹0.00 in sales at risk."
NBL-1096,819.0,0.0,14,710.0,Furnishings,Sofas,149.97,310.82,3040.9423338421375,219.9161662100907,1267.1873389789328,0.353686724285038,0.0,1228.0,2.2234848484848486,3.5049786628733997,0.0,0.0,0.0,Healthy,No action needed; leave as is.,0.0,0.0,Healthy inventory levels. No action required. On hand covers forward demand and safety stock is within limits.
NBL-1095,0.0,844.0,21,732.0,Small Appliances,Heaters,109.18,294.54,3567.559351033359,356.889397993272,2205.5864805300644,0.6173353403049682,0.0,1445.0,4.4939024390243905,2.1328379006038087,0.0,0.0,0.0,Reorder Now,Raise a replenishment order before stock runs out.,0.0,1445.0,"Replenish NBL-1095 immediately. Recommended order size: 1,445 units (EOQ: 1,445). Delay puts ₹0.00 in sales at risk."
NBL-1094,188.0,0.0,28,158.0,Decor,Rugs,28.38,84.03,238.19283810502347,38.41163044653946,203.27558675687732,0.07514717827452295,0.0,865.0,0.9666666666666667,0.7603530210454853,0.0,0.0,0.0,Healthy,No action needed; leave as is.,0.0,0.0,Healthy inventory levels. No action required. On hand covers forward demand and safety stock is within limits.
NBL-1092,265.0,0.0,14,195.0,Small Appliances,Kettles,103.11,319.42,485.04813991687183,47.62568577466624,213.10687153525208,0.0,0.0,647.0,0.6666666666666666,1.7394305435720447,0.0,0.0,0.0,Healthy,No action needed; leave as is.,0.0,0.0,Healthy inventory levels. No action required. On hand covers forward demand and safety stock is within limits.
NBL-1149,313.0,0.0,7,271.0,Small Appliances,Heaters,103.13,272.94,3582.4097251814105,98.08776407377688,660.1002612246673,0.525829607430697,0.0,1580.0,2.038338658146965,3.750106974753958,67965.47097236404,0.0,67965.47097236404,Reorder Now,Raise a replenishment order before stock runs out.,2.540963635925749,1580.0,"Replenish NBL-1149 immediately. Recommended order size: 1,580 units (EOQ: 1,580). Delay puts ₹67,965.47 in sales at risk."
